,month,year,longitude,latitude,location,lsoa_code,lsoa_name,crime_type,last_outcome_category
0,7,2026,0.637192,51.79762,On or near B1389,E01021415,Braintree 017A,Violence and sexual offences,Under investigation
1,7,2026,-0.69514,51.580409,On or near Stratford Drive,E01017936,Buckinghamshire 056C,Criminal damage and arson,Awaiting court outcome
2,7,2026,-0.107682,51.517786,On or near B521,E01000917,Camden 027C,Shoplifting,Under investigation
3,7,2026,-0.107682,51.517786,On or near B521,E01000917,Camden 027C,Violence and sexual offences,Unable to prosecute suspect
4,7,2026,-0.111596,51.518281,On or near Chancery Lane,E01000914,Camden 028B,Burglary,Under investigation
5,7,2026,-0.111596,51.518281,On or near Chancery Lane,E01000914,Camden 028B,Other theft,Under investigation
6,7,2026,-0.111596,51.518281,On or near Chancery Lane,E01000914,Camden 028B,Other theft,Investigation complete; no suspect identified
7,7,2026,-0.098519,51.517332,On or near Little Britain,E01000001,City of London 001A,Bicycle theft,Awaiting court outcome
8,7,2026,-0.097078,51.519045,On or near A1,E01000001,City of London 001A,Drugs,Awaiting court outcome
9,7,2026,-0.097144,51.515062,On or near St Paul'S,E01000001,City of London 001A,Other theft,Under investigation
10,7,2026,-0.097078,51.519045,On or near A1,E01000001,City of London 001A,Possession of weapons,Awaiting court outcome
11,7,2026,-0.097078,51.519045,On or near A1,E01000001,City of London 001A,Public order,Investigation complete; no suspect identified
12,7,2026,-0.097078,51.519045,On or near A1,E01000001,City of London 001A,Theft from the person,Investigation complete; no suspect identified
13,7,2026,-0.09729,51.521575,On or near Fann Street,E01000001,City of London 001A,Theft from the person,Awaiting court outcome
14,7,2026,-0.097103,51.518461,On or near Aldersgate Street,E01000001,City of London 001A,Vehicle crime,Investigation complete; no suspect identified
15,7,2026,-0.097103,51.518461,On or near Aldersgate Street,E01000001,City of London 001A,Vehicle crime,Investigation complete; no suspect identified
16,7,2026,-0.097103,51.518461,On or near Aldersgate Street,E01000001,City of London 001A,Vehicle crime,Investigation complete; no suspect identified
17,7,2026,-0.097078,51.519045,On or near A1,E01000001,City of London 001A,Violence and sexual offences,Unable to prosecute suspect
18,7,2026,-0.097078,51.519045,On or near A1,E01000001,City of London 001A,Violence and sexual offences,Local resolution
19,7,2026,-0.097078,51.519045,On or near A1,E01000001,City of London 001A,Violence and sexual offences,Under investigation
20,7,2026,-0.092971,51.516271,On or near Aldermanbury,E01000002,City of London 001B,Bicycle theft,Investigation complete; no suspect identified
21,7,2026,-0.092488,51.520598,On or near Silk Street,E01000002,City of London 001B,Bicycle theft,Investigation complete; no suspect identified
22,7,2026,-0.09413,51.519961,On or near Theatre/Concert Hall,E01000002,City of London 001B,Bicycle theft,Investigation complete; no suspect identified
23,7,2026,-0.092488,51.520598,On or near Silk Street,E01000002,City of London 001B,Bicycle theft,Investigation complete; no suspect identified
24,7,2026,-0.092297,51.518949,On or near Park/Open Space,E01000002,City of London 001B,Criminal damage and arson,Under investigation
25,7,2026,-0.092488,51.520598,On or near Silk Street,E01000002,City of London 001B,Criminal damage and arson,Investigation complete; no suspect identified
26,7,2026,-0.091498,51.520483,On or near Conference/Exhibition Centre,E01000002,City of London 001B,Drugs,Under investigation
27,7,2026,-0.090105,51.520001,On or near Milton Court,E01000002,City of London 001B,Other theft,Investigation complete; no suspect identified
28,7,2026,-0.091082,51.51973,On or near Silk Street,E01000002,City of London 001B,Other theft,Investigation complete; no suspect identified
29,7,2026,-0.091498,51.520483,On or near Conference/Exhibition Centre,E01000002,City of London 001B,Other theft,Under investigation
30,7,2026,-0.092488,51.520598,On or near Silk Street,E01000002,City of London 001B,Other theft,Investigation complete; no suspect identified
31,7,2026,-0.091498,51.520483,On or near Conference/Exhibition Centre,E01000002,City of London 001B,Other theft,Unable to prosecute suspect
32,7,2026,-0.092488,51.520598,On or near Silk Street,E01000002,City of London 001B,Other theft,Investigation complete; no suspect identified
33,7,2026,-0.090105,51.520001,On or near Milton Court,E01000002,City of London 001B,Other theft,Investigation complete; no suspect identified
34,7,2026,-0.092971,51.516271,On or near Aldermanbury,E01000002,City of London 001B,Other theft,Investigation complete; no suspect identified
35,7,2026,-0.090105,51.520001,On or near Milton Court,E01000002,City of London 001B,Possession of weapons,Under investigation
36,7,2026,-0.090553,51.518948,On or near Moor Lane,E01000002,City of London 001B,Public order,Awaiting court outcome
37,7,2026,-0.090105,51.520001,On or near Milton Court,E01000002,City of London 001B,Public order,Under investigation
38,7,2026,-0.092488,51.520598,On or near Silk Street,E01000002,City of London 001B,Public order,Awaiting court outcome
39,7,2026,-0.092488,51.520598,On or near Silk Street,E01000002,City of London 001B,Public order,Under investigation
40,7,2026,-0.091495,51.518145,On or near Fore Street,E01000002,City of London 001B,Robbery,Under investigation
41,7,2026,-0.090648,51.520127,On or near Milton Court,E01000002,City of London 001B,Robbery,Under investigation
42,7,2026,-0.090553,51.518948,On or near Moor Lane,E01000002,City of London 001B,Robbery,Investigation complete; no suspect identified
43,7,2026,-0.093969,51.5193,On or near Park/Open Space,E01000002,City of London 001B,Robbery,Under investigation
44,7,2026,-0.090105,51.520001,On or near Milton Court,E01000002,City of London 001B,Robbery,Under investigation
45,7,2026,-0.090553,51.518948,On or near Moor Lane,E01000002,City of London 001B,Shoplifting,Awaiting court outcome
46,7,2026,-0.090553,51.518948,On or near Moor Lane,E01000002,City of London 001B,Shoplifting,Investigation complete; no suspect identified
47,7,2026,-0.090553,51.518948,On or near Moor Lane,E01000002,City of London 001B,Shoplifting,Under investigation
48,7,2026,-0.090553,51.518948,On or near Moor Lane,E01000002,City of London 001B,Shoplifting,Under investigation
49,7,2026,-0.090553,51.518948,On or near Moor Lane,E01000002,City of London 001B,Shoplifting,Investigation complete; no suspect identified
50,7,2026,-0.090553,51.518948,On or near Moor Lane,E01000002,City of London 001B,Shoplifting,Under investigation
51,7,2026,-0.090553,51.518948,On or near Moor Lane,E01000002,City of London 001B,Shoplifting,Under investigation
52,7,2026,-0.091498,51.520483,On or near Conference/Exhibition Centre,E01000002,City of London 001B,Theft from the person,Under investigation
53,7,2026,-0.092488,51.520598,On or near Silk Street,E01000002,City of London 001B,Theft from the person,Under investigation
54,7,2026,-0.09413,51.519961,On or near Theatre/Concert Hall,E01000002,City of London 001B,Theft from the person,Under investigation
55,7,2026,-0.090105,51.520001,On or near Milton Court,E01000002,City of London 001B,Violence and sexual offences,Under investigation
56,7,2026,-0.09413,51.519961,On or near Theatre/Concert Hall,E01000002,City of London 001B,Violence and sexual offences,Under investigation
57,7,2026,-0.094017,51.520901,On or near Theatre/Concert Hall,E01000003,City of London 001C,Criminal damage and arson,Investigation complete; no suspect identified
58,7,2026,-0.096114,51.520747,On or near Park/Open Space,E01000003,City of London 001C,Criminal damage and arson,Investigation complete; no suspect identified
59,7,2026,-0.096984,51.522426,On or near Sports/Recreation Area,E01000003,City of London 001C,Criminal damage and arson,Investigation complete; no suspect identified
60,7,2026,-0.095648,51.521198,On or near Bridgewater Square,E01000003,City of London 001C,Other theft,Investigation complete; no suspect identified
61,7,2026,-0.096114,51.520747,On or near Park/Open Space,E01000003,City of London 001C,Other theft,Unable to prosecute suspect
62,7,2026,-0.096984,51.522426,On or near Sports/Recreation Area,E01000003,City of London 001C,Violence and sexual offences,Under investigation
63,7,2026,-0.094017,51.520901,On or near Theatre/Concert Hall,E01000003,City of London 001C,Violence and sexual offences,Investigation complete; no suspect identified
64,7,2026,-0.095258,51.520526,On or near Beech Street,E01000003,City of London 001C,Violence and sexual offences,Unable to prosecute suspect
65,7,2026,-0.095758,51.521667,On or near Fann Street,E01000003,City of London 001C,Violence and sexual offences,Under investigation
66,7,2026,-0.095258,51.520526,On or near Beech Street,E01000003,City of London 001C,Violence and sexual offences,Under investigation
67,7,2026,-0.077511,51.515812,On or near Artizan Street,E01000005,City of London 001E,Burglary,Awaiting court outcome
68,7,2026,-0.076145,51.512642,On or near India Street,E01000005,City of London 001E,Burglary,Under investigation
69,7,2026,-0.07508,51.512625,On or near St Clare Street,E01000005,City of London 001E,Burglary,Awaiting court outcome
70,7,2026,-0.07433,51.513647,On or near Little Somerset Street,E01000005,City of London 001E,Burglary,Under investigation
71,7,2026,-0.075401,51.511164,On or near Supermarket,E01000005,City of London 001E,Burglary,Unable to prosecute suspect
72,7,2026,-0.075401,51.511164,On or near Supermarket,E01000005,City of London 001E,Burglary,Investigation complete; no suspect identified
73,7,2026,-0.076425,51.516271,On or near Wentworth Street,E01000005,City of London 001E,Burglary,Under investigation
74,7,2026,-0.076145,51.512642,On or near India Street,E01000005,City of London 001E,Burglary,Under investigation
75,7,2026,-0.074253,51.511037,On or near Goodman'S Court,E01000005,City of London 001E,Criminal damage and arson,Investigation complete; no suspect identified
76,7,2026,-0.076716,51.515178,On or near Gravel Lane,E01000005,City of London 001E,Criminal damage and arson,Investigation complete; no suspect identified
77,7,2026,-0.075401,51.511164,On or near Supermarket,E01000005,City of London 001E,Criminal damage and arson,Investigation complete; no suspect identified
78,7,2026,-0.075401,51.511164,On or near Supermarket,E01000005,City of London 001E,Criminal damage and arson,Investigation complete; no suspect identified
79,7,2026,-0.078783,51.515383,On or near Houndsditch,E01000005,City of London 001E,Other theft,Under investigation
80,7,2026,-0.076145,51.512642,On or near India Street,E01000005,City of London 001E,Other theft,Investigation complete; no suspect identified
81,7,2026,-0.078883,51.515385,On or near Goring Street,E01000005,City of London 001E,Other theft,Investigation complete; no suspect identified
82,7,2026,-0.073727,51.511218,On or near Goodman'S Yard,E01000005,City of London 001E,Public order,Unable to prosecute suspect
83,7,2026,-0.073727,51.511218,On or near Goodman'S Yard,E01000005,City of London 001E,Public order,Unable to prosecute suspect
84,7,2026,-0.075401,51.511164,On or near Supermarket,E01000005,City of London 001E,Public order,Unable to prosecute suspect
85,7,2026,-0.075401,51.511164,On or near Supermarket,E01000005,City of London 001E,Public order,Unable to prosecute suspect
86,7,2026,-0.075453,51.511965,On or near Minories,E01000005,City of London 001E,Public order,Unable to prosecute suspect
87,7,2026,-0.07433,51.513647,On or near Little Somerset Street,E01000005,City of London 001E,Robbery,Unable to prosecute suspect
88,7,2026,-0.07433,51.513647,On or near Little Somerset Street,E01000005,City of London 001E,Shoplifting,Awaiting court outcome
89,7,2026,-0.075401,51.511164,On or near Supermarket,E01000005,City of London 001E,Theft from the person,Investigation complete; no suspect identified
90,7,2026,-0.07433,51.513647,On or near Little Somerset Street,E01000005,City of London 001E,Theft from the person,Investigation complete; no suspect identified
91,7,2026,-0.07433,51.513647,On or near Little Somerset Street,E01000005,City of London 001E,Theft from the person,Investigation complete; no suspect identified
92,7,2026,-0.07433,51.513647,On or near Little Somerset Street,E01000005,City of London 001E,Theft from the person,Investigation complete; no suspect identified
93,7,2026,-0.075453,51.511965,On or near Minories,E01000005,City of London 001E,Theft from the person,Investigation complete; no suspect identified
94,7,2026,-0.078849,51.516212,On or near Devonshire Square,E01000005,City of London 001E,Theft from the person,Investigation complete; no suspect identified
95,7,2026,-0.074925,51.514924,On or near St Botolph Street,E01000005,City of London 001E,Theft from the person,Investigation complete; no suspect identified
96,7,2026,-0.07508,51.512625,On or near St Clare Street,E01000005,City of London 001E,Theft from the person,Investigation complete; no suspect identified
97,7,2026,-0.07353,51.510405,On or near Parking Area,E01000005,City of London 001E,Vehicle crime,Investigation complete; no suspect identified
98,7,2026,-0.07353,51.510405,On or near Parking Area,E01000005,City of London 001E,Vehicle crime,Under investigation
99,7,2026,-0.07353,51.510405,On or near Parking Area,E01000005,City of London 001E,Vehicle crime,Investigation complete; no suspect identified
100,7,2026,-0.07353,51.510405,On or near Parking Area,E01000005,City of London 001E,Vehicle crime,Investigation complete; no suspect identified
101,7,2026,-0.075453,51.511965,On or near Minories,E01000005,City of London 001E,Violence and sexual offences,Unable to prosecute suspect
102,7,2026,-0.075453,51.511965,On or near Minories,E01000005,City of London 001E,Violence and sexual offences,Awaiting court outcome
103,7,2026,-0.074925,51.514924,On or near St Botolph Street,E01000005,City of London 001E,Violence and sexual offences,Unable to prosecute suspect
104,7,2026,-0.077407,51.516215,On or near Harrow Place,E01000005,City of London 001E,Violence and sexual offences,Under investigation
105,7,2026,-0.074925,51.514924,On or near St Botolph Street,E01000005,City of London 001E,Violence and sexual offences,Unable to prosecute suspect
106,7,2026,-0.076145,51.512642,On or near India Street,E01000005,City of London 001E,Violence and sexual offences,Investigation complete; no suspect identified
107,7,2026,-0.078849,51.516212,On or near Devonshire Square,E01000005,City of London 001E,Violence and sexual offences,Unable to prosecute suspect
108,7,2026,-0.074253,51.511037,On or near Goodman'S Court,E01000005,City of London 001E,Violence and sexual offences,Unable to prosecute suspect
109,7,2026,-0.075401,51.511164,On or near Supermarket,E01000005,City of London 001E,Violence and sexual offences,Unable to prosecute suspect
110,7,2026,-0.074483,51.512066,On or near Haydon Street,E01000005,City of London 001E,Violence and sexual offences,Under investigation
111,7,2026,-0.075453,51.511965,On or near Minories,E01000005,City of London 001E,Violence and sexual offences,Awaiting court outcome
112,7,2026,-0.078849,51.516212,On or near Devonshire Square,E01000005,City of London 001E,Violence and sexual offences,Unable to prosecute suspect
113,7,2026,-0.075401,51.511164,On or near Supermarket,E01000005,City of London 001E,Violence and sexual offences,Awaiting court outcome
114,7,2026,-0.09583,51.510967,On or near High Timber Street,E01032739,City of London 001F,Bicycle theft,Investigation complete; no suspect identified
115,7,2026,-0.082133,51.515222,On or near St Helen'S Place,E01032739,City of London 001F,Bicycle theft,Investigation complete; no suspect identified
116,7,2026,-0.088903,51.510836,On or near Laurence Pountney Hill,E01032739,City of London 001F,Bicycle theft,Investigation complete; no suspect identified
117,7,2026,-0.09583,51.510967,On or near High Timber Street,E01032739,City of London 001F,Bicycle theft,Under investigation
118,7,2026,-0.09141,51.510167,On or near Cousin Lane,E01032739,City of London 001F,Bicycle theft,Investigation complete; no suspect identified
119,7,2026,-0.09583,51.510967,On or near High Timber Street,E01032739,City of London 001F,Bicycle theft,Investigation complete; no suspect identified
120,7,2026,-0.09141,51.510167,On or near Cousin Lane,E01032739,City of London 001F,Bicycle theft,Investigation complete; no suspect identified
121,7,2026,-0.091947,51.513188,On or near Pancras Lane,E01032739,City of London 001F,Bicycle theft,Under investigation
122,7,2026,-0.092036,51.511049,On or near College Street,E01032739,City of London 001F,Bicycle theft,Investigation complete; no suspect identified
123,7,2026,-0.089822,51.516103,On or near Coleman Street,E01032739,City of London 001F,Bicycle theft,Investigation complete; no suspect identified
124,7,2026,-0.083977,51.510441,On or near Lovat Lane,E01032739,City of London 001F,Bicycle theft,Under investigation
125,7,2026,-0.080769,51.520236,On or near Further/Higher Educational Building,E01032739,City of London 001F,Bicycle theft,Investigation complete; no suspect identified
126,7,2026,-0.080769,51.520236,On or near Further/Higher Educational Building,E01032739,City of London 001F,Bicycle theft,Under investigation
127,7,2026,-0.088785,51.517102,On or near Moorgate,E01032739,City of London 001F,Bicycle theft,Investigation complete; no suspect identified
128,7,2026,-0.083977,51.510441,On or near Lovat Lane,E01032739,City of London 001F,Bicycle theft,Investigation complete; no suspect identified
129,7,2026,-0.095054,51.510559,On or near Queenhithe,E01032739,City of London 001F,Bicycle theft,Investigation complete; no suspect identified
130,7,2026,-0.102272,51.511656,On or near Puddle Dock,E01032739,City of London 001F,Bicycle theft,Investigation complete; no suspect identified
131,7,2026,-0.089208,51.509744,On or near Angel Lane,E01032739,City of London 001F,Bicycle theft,Investigation complete; no suspect identified
132,7,2026,-0.084844,51.510725,On or near Eastcheap,E01032739,City of London 001F,Bicycle theft,Under investigation
133,7,2026,-0.102272,51.511656,On or near Puddle Dock,E01032739,City of London 001F,Bicycle theft,Investigation complete; no suspect identified
134,7,2026,-0.088456,51.514975,On or near Tokenhouse Yard,E01032739,City of London 001F,Bicycle theft,Investigation complete; no suspect identified
135,7,2026,-0.079196,51.513789,On or near Creechurch Lane,E01032739,City of London 001F,Bicycle theft,Unable to prosecute suspect
136,7,2026,-0.104276,51.513712,On or near A201,E01032739,City of London 001F,Bicycle theft,Investigation complete; no suspect identified
137,7,2026,-0.089208,51.509744,On or near Angel Lane,E01032739,City of London 001F,Bicycle theft,Investigation complete; no suspect identified
138,7,2026,-0.096274,51.511037,On or near Gardners Lane,E01032739,City of London 001F,Bicycle theft,Investigation complete; no suspect identified
139,7,2026,-0.092531,51.512658,On or near Queen Street,E01032739,City of London 001F,Bicycle theft,Investigation complete; no suspect identified
140,7,2026,-0.089479,51.510864,On or near Gophir Lane,E01032739,City of London 001F,Burglary,Under investigation
141,7,2026,-0.086019,51.513631,On or near Finch Lane,E01032739,City of London 001F,Burglary,Awaiting court outcome
142,7,2026,-0.079196,51.513789,On or near Creechurch Lane,E01032739,City of London 001F,Burglary,Under investigation
143,7,2026,-0.096501,51.513874,On or near New Change,E01032739,City of London 001F,Burglary,Investigation complete; no suspect identified
144,7,2026,-0.086815,51.517007,On or near Circus Place,E01032739,City of London 001F,Burglary,Under investigation
145,7,2026,-0.079127,51.509607,On or near Byward Street,E01032739,City of London 001F,Burglary,Unable to prosecute suspect
146,7,2026,-0.078495,51.51777,On or near Further/Higher Educational Building,E01032739,City of London 001F,Burglary,Awaiting court outcome
147,7,2026,-0.100201,51.513286,On or near Dean'S Court,E01032739,City of London 001F,Burglary,Under investigation
148,7,2026,-0.095764,51.512549,On or near Friday Street,E01032739,City of London 001F,Burglary,Investigation complete; no suspect identified
149,7,2026,-0.079521,51.511196,On or near New London Street,E01032739,City of London 001F,Burglary,Investigation complete; no suspect identified
150,7,2026,-0.077959,51.511332,On or near Crutched Friars,E01032739,City of London 001F,Burglary,Under investigation
151,7,2026,-0.09407,51.513079,On or near Watling Street,E01032739,City of London 001F,Burglary,Awaiting court outcome
152,7,2026,-0.101589,51.513515,On or near Ludgate Square,E01032739,City of London 001F,Burglary,Under investigation
153,7,2026,-0.089479,51.510864,On or near Gophir Lane,E01032739,City of London 001F,Burglary,Under investigation
154,7,2026,-0.0836,51.509797,On or near St Mary At Hill,E01032739,City of London 001F,Burglary,Investigation complete; no suspect identified
155,7,2026,-0.078278,51.513666,On or near Mitre Street,E01032739,City of London 001F,Burglary,Under investigation
156,7,2026,-0.079196,51.513789,On or near Creechurch Lane,E01032739,City of London 001F,Burglary,Awaiting court outcome
157,7,2026,-0.083349,51.51483,On or near Shopping Area,E01032739,City of London 001F,Burglary,Investigation complete; no suspect identified
158,7,2026,-0.092531,51.512658,On or near Queen Street,E01032739,City of London 001F,Criminal damage and arson,Under investigation
159,7,2026,-0.086815,51.517007,On or near Circus Place,E01032739,City of London 001F,Criminal damage and arson,Awaiting court outcome
160,7,2026,-0.078495,51.51777,On or near Further/Higher Educational Building,E01032739,City of London 001F,Criminal damage and arson,Unable to prosecute suspect
161,7,2026,-0.084754,51.512882,On or near Corbet Court,E01032739,City of London 001F,Criminal damage and arson,Investigation complete; no suspect identified
162,7,2026,-0.092633,51.509872,On or near Bell Wharf Lane,E01032739,City of London 001F,Criminal damage and arson,Investigation complete; no suspect identified
163,7,2026,-0.079138,51.508312,On or near Lower Thames Street,E01032739,City of London 001F,Criminal damage and arson,Awaiting court outcome
164,7,2026,-0.083977,51.510441,On or near Lovat Lane,E01032739,City of London 001F,Criminal damage and arson,Unable to prosecute suspect
165,7,2026,-0.083349,51.51483,On or near Shopping Area,E01032739,City of London 001F,Criminal damage and arson,Investigation complete; no suspect identified
166,7,2026,-0.081113,51.516869,On or near Bishopsgate,E01032739,City of London 001F,Criminal damage and arson,Unable to prosecute suspect
167,7,2026,-0.080448,51.520689,On or near Primrose Street,E01032739,City of London 001F,Criminal damage and arson,Unable to prosecute suspect
168,7,2026,-0.081113,51.516869,On or near Bishopsgate,E01032739,City of London 001F,Criminal damage and arson,Investigation complete; no suspect identified
169,7,2026,-0.09446,51.512024,On or near Great Trinity Lane,E01032739,City of London 001F,Criminal damage and arson,Investigation complete; no suspect identified
170,7,2026,-0.092633,51.509872,On or near Bell Wharf Lane,E01032739,City of London 001F,Criminal damage and arson,Investigation complete; no suspect identified
171,7,2026,-0.081973,51.515948,On or near A10,E01032739,City of London 001F,Criminal damage and arson,Under investigation
172,7,2026,-0.081113,51.516869,On or near Bishopsgate,E01032739,City of London 001F,Criminal damage and arson,Unable to prosecute suspect
173,7,2026,-0.101292,51.51477,On or near Amen Court,E01032739,City of London 001F,Criminal damage and arson,Under investigation
174,7,2026,-0.078755,51.51844,On or near Artillery Lane,E01032739,City of London 001F,Criminal damage and arson,Investigation complete; no suspect identified
175,7,2026,-0.081902,51.517296,On or near Liverpool Street,E01032739,City of London 001F,Criminal damage and arson,Unable to prosecute suspect
176,7,2026,-0.091947,51.513188,On or near Pancras Lane,E01032739,City of London 001F,Criminal damage and arson,Unable to prosecute suspect
177,7,2026,-0.085089,51.512105,On or near Gracechurch Street,E01032739,City of London 001F,Drugs,Under investigation
178,7,2026,-0.079521,51.511196,On or near New London Street,E01032739,City of London 001F,Drugs,Local resolution
179,7,2026,-0.096917,51.510823,On or near Broken Wharf,E01032739,City of London 001F,Drugs,Local resolution
180,7,2026,-0.091823,51.514427,On or near Ironmonger Lane,E01032739,City of London 001F,Drugs,Awaiting court outcome
181,7,2026,-0.088903,51.510836,On or near Laurence Pountney Hill,E01032739,City of London 001F,Drugs,Under investigation
182,7,2026,-0.082133,51.515222,On or near St Helen'S Place,E01032739,City of London 001F,Drugs,Local resolution
183,7,2026,-0.084844,51.510725,On or near Eastcheap,E01032739,City of London 001F,Drugs,Awaiting court outcome
184,7,2026,-0.081113,51.516869,On or near Bishopsgate,E01032739,City of London 001F,Drugs,Local resolution
185,7,2026,-0.079907,51.517785,On or near Victoria Avenue,E01032739,City of London 001F,Drugs,Further investigation is not in the public interest
186,7,2026,-0.082993,51.51636,On or near Wormwood Street,E01032739,City of London 001F,Drugs,Local resolution
187,7,2026,-0.101963,51.510761,On or near Ferry Terminal,E01032739,City of London 001F,Drugs,Under investigation
188,7,2026,-0.087157,51.512624,On or near Lombard Street,E01032739,City of London 001F,Drugs,Local resolution
189,7,2026,-0.079907,51.517785,On or near Victoria Avenue,E01032739,City of London 001F,Drugs,Unable to prosecute suspect
190,7,2026,-0.077959,51.511332,On or near Crutched Friars,E01032739,City of London 001F,Drugs,Investigation complete; no suspect identified
191,7,2026,-0.077563,51.517656,On or near Sandy'S Row,E01032739,City of London 001F,Drugs,Awaiting court outcome
192,7,2026,-0.088456,51.514975,On or near Tokenhouse Yard,E01032739,City of London 001F,Drugs,Under investigation
193,7,2026,-0.083349,51.51483,On or near Shopping Area,E01032739,City of London 001F,Drugs,Investigation complete; no suspect identified
194,7,2026,-0.09154,51.511896,On or near Cannon Street,E01032739,City of London 001F,Drugs,Local resolution
195,7,2026,-0.095054,51.510559,On or near Queenhithe,E01032739,City of London 001F,Drugs,Local resolution
196,7,2026,-0.084754,51.512882,On or near Corbet Court,E01032739,City of London 001F,Drugs,Local resolution
197,7,2026,-0.079521,51.511196,On or near New London Street,E01032739,City of London 001F,Drugs,Under investigation
198,7,2026,-0.0836,51.509797,On or near St Mary At Hill,E01032739,City of London 001F,Drugs,Under investigation
199,7,2026,-0.092531,51.512658,On or near Queen Street,E01032739,City of London 001F,Drugs,Local resolution
200,7,2026,-0.09407,51.513079,On or near Watling Street,E01032739,City of London 001F,Other theft,Investigation complete; no suspect identified
201,7,2026,-0.083977,51.510441,On or near Lovat Lane,E01032739,City of London 001F,Other theft,Investigation complete; no suspect identified
202,7,2026,-0.084836,51.511939,On or near Shopping Area,E01032739,City of London 001F,Other theft,Investigation complete; no suspect identified
203,7,2026,-0.097176,51.510836,On or near Trig Lane,E01032739,City of London 001F,Other theft,Under investigation
204,7,2026,-0.079138,51.508312,On or near Lower Thames Street,E01032739,City of London 001F,Other theft,Investigation complete; no suspect identified
205,7,2026,-0.09407,51.513079,On or near Watling Street,E01032739,City of London 001F,Other theft,Unable to prosecute suspect
206,7,2026,-0.07707,51.510877,On or near Cooper'S Row,E01032739,City of London 001F,Other theft,Investigation complete; no suspect identified
207,7,2026,-0.09407,51.513079,On or near Watling Street,E01032739,City of London 001F,Other theft,Investigation complete; no suspect identified
208,7,2026,-0.0949,51.513209,On or near Bread Street,E01032739,City of London 001F,Other theft,Under investigation
209,7,2026,-0.101589,51.513515,On or near Ludgate Square,E01032739,City of London 001F,Other theft,Under investigation
210,7,2026,-0.101475,51.511077,On or near A3211,E01032739,City of London 001F,Other theft,Under investigation
211,7,2026,-0.089479,51.510864,On or near Gophir Lane,E01032739,City of London 001F,Other theft,Investigation complete; no suspect identified
212,7,2026,-0.081973,51.515948,On or near A10,E01032739,City of London 001F,Other theft,Investigation complete; no suspect identified
213,7,2026,-0.088785,51.517102,On or near Moorgate,E01032739,City of London 001F,Other theft,Under investigation
214,7,2026,-0.092531,51.512658,On or near Queen Street,E01032739,City of London 001F,Other theft,Unable to prosecute suspect
215,7,2026,-0.085228,51.51119,On or near Talbot Court,E01032739,City of London 001F,Other theft,Investigation complete; no suspect identified
216,7,2026,-0.087873,51.516503,On or near Langthorn Court,E01032739,City of London 001F,Other theft,Investigation complete; no suspect identified
217,7,2026,-0.085089,51.512105,On or near Gracechurch Street,E01032739,City of London 001F,Other theft,Investigation complete; no suspect identified
218,7,2026,-0.079138,51.508312,On or near Lower Thames Street,E01032739,City of London 001F,Other theft,Under investigation
219,7,2026,-0.084836,51.511939,On or near Shopping Area,E01032739,City of London 001F,Other theft,Under investigation
220,7,2026,-0.101963,51.510761,On or near Ferry Terminal,E01032739,City of London 001F,Other theft,Investigation complete; no suspect identified
221,7,2026,-0.079907,51.517785,On or near Victoria Avenue,E01032739,City of London 001F,Other theft,Investigation complete; no suspect identified
222,7,2026,-0.081902,51.517296,On or near Liverpool Street,E01032739,City of London 001F,Other theft,Investigation complete; no suspect identified
223,7,2026,-0.084836,51.511939,On or near Shopping Area,E01032739,City of London 001F,Other theft,Investigation complete; no suspect identified
224,7,2026,-0.101589,51.513515,On or near Ludgate Square,E01032739,City of London 001F,Other theft,Investigation complete; no suspect identified
225,7,2026,-0.097291,51.514626,On or near Supermarket,E01032739,City of London 001F,Other theft,Investigation complete; no suspect identified
226,7,2026,-0.079138,51.508312,On or near Lower Thames Street,E01032739,City of London 001F,Other theft,Investigation complete; no suspect identified
227,7,2026,-0.079138,51.508312,On or near Lower Thames Street,E01032739,City of London 001F,Other theft,Under investigation
228,7,2026,-0.079883,51.517326,On or near New Street,E01032739,City of London 001F,Other theft,Investigation complete; no suspect identified
229,7,2026,-0.084754,51.512882,On or near Corbet Court,E01032739,City of London 001F,Other theft,Investigation complete; no suspect identified
230,7,2026,-0.100201,51.513286,On or near Dean'S Court,E01032739,City of London 001F,Other theft,Investigation complete; no suspect identified
231,7,2026,-0.079138,51.508312,On or near Lower Thames Street,E01032739,City of London 001F,Other theft,Investigation complete; no suspect identified
232,7,2026,-0.077804,51.518083,On or near Sandy'S Row,E01032739,City of London 001F,Other theft,Under investigation
233,7,2026,-0.086019,51.513631,On or near Finch Lane,E01032739,City of London 001F,Other theft,Investigation complete; no suspect identified
234,7,2026,-0.089822,51.516103,On or near Coleman Street,E01032739,City of London 001F,Other theft,Under investigation
235,7,2026,-0.079138,51.508312,On or near Lower Thames Street,E01032739,City of London 001F,Other theft,Investigation complete; no suspect identified
236,7,2026,-0.078477,51.509965,On or near Muscovy Street,E01032739,City of London 001F,Other theft,Unable to prosecute suspect
237,7,2026,-0.092531,51.512658,On or near Queen Street,E01032739,City of London 001F,Other theft,Investigation complete; no suspect identified
238,7,2026,-0.095054,51.510559,On or near Queenhithe,E01032739,City of London 001F,Other theft,Investigation complete; no suspect identified
239,7,2026,-0.080365,51.508943,On or near Parking Area,E01032739,City of London 001F,Other theft,Unable to prosecute suspect
240,7,2026,-0.087157,51.512624,On or near Lombard Street,E01032739,City of London 001F,Other theft,Investigation complete; no suspect identified
241,7,2026,-0.08491,51.512588,On or near Bell Inn Yard,E01032739,City of London 001F,Other theft,Investigation complete; no suspect identified
242,7,2026,-0.079138,51.508312,On or near Lower Thames Street,E01032739,City of London 001F,Other theft,Under investigation
243,7,2026,-0.088456,51.514975,On or near Tokenhouse Yard,E01032739,City of London 001F,Other theft,Under investigation
244,7,2026,-0.079138,51.508312,On or near Lower Thames Street,E01032739,City of London 001F,Other theft,Under investigation
245,7,2026,-0.097176,51.510836,On or near Trig Lane,E01032739,City of London 001F,Other theft,Under investigation
246,7,2026,-0.091947,51.513188,On or near Pancras Lane,E01032739,City of London 001F,Other theft,Investigation complete; no suspect identified
247,7,2026,-0.083977,51.510441,On or near Lovat Lane,E01032739,City of London 001F,Other theft,Under investigation
248,7,2026,-0.07707,51.510877,On or near Cooper'S Row,E01032739,City of London 001F,Other theft,Investigation complete; no suspect identified
249,7,2026,-0.079138,51.508312,On or near Lower Thames Street,E01032739,City of London 001F,Other theft,Investigation complete; no suspect identified
250,7,2026,-0.089208,51.509744,On or near Angel Lane,E01032739,City of London 001F,Other theft,Investigation complete; no suspect identified
251,7,2026,-0.079521,51.511196,On or near New London Street,E01032739,City of London 001F,Other theft,Under investigation
252,7,2026,-0.085228,51.51119,On or near Talbot Court,E01032739,City of London 001F,Other theft,Investigation complete; no suspect identified
253,7,2026,-0.101589,51.513515,On or near Ludgate Square,E01032739,City of London 001F,Other theft,Under investigation
254,7,2026,-0.084754,51.512882,On or near Corbet Court,E01032739,City of London 001F,Other theft,Investigation complete; no suspect identified
255,7,2026,-0.09407,51.513079,On or near Watling Street,E01032739,City of London 001F,Other theft,Investigation complete; no suspect identified
256,7,2026,-0.079907,51.517785,On or near Victoria Avenue,E01032739,City of London 001F,Other theft,Investigation complete; no suspect identified
257,7,2026,-0.081902,51.517296,On or near Liverpool Street,E01032739,City of London 001F,Other theft,Investigation complete; no suspect identified
258,7,2026,-0.079521,51.511196,On or near New London Street,E01032739,City of London 001F,Other theft,Under investigation
259,7,2026,-0.07707,51.510877,On or near Cooper'S Row,E01032739,City of London 001F,Other theft,Investigation complete; no suspect identified
260,7,2026,-0.086815,51.517007,On or near Circus Place,E01032739,City of London 001F,Other theft,Investigation complete; no suspect identified
261,7,2026,-0.101589,51.513515,On or near Ludgate Square,E01032739,City of London 001F,Other theft,Investigation complete; no suspect identified
262,7,2026,-0.088456,51.514975,On or near Tokenhouse Yard,E01032739,City of London 001F,Other theft,Investigation complete; no suspect identified
263,7,2026,-0.079521,51.511196,On or near New London Street,E01032739,City of London 001F,Other theft,Investigation complete; no suspect identified
264,7,2026,-0.079138,51.508312,On or near Lower Thames Street,E01032739,City of London 001F,Other theft,Investigation complete; no suspect identified
265,7,2026,-0.089479,51.510864,On or near Gophir Lane,E01032739,City of London 001F,Other theft,Under investigation
266,7,2026,-0.078278,51.513666,On or near Mitre Street,E01032739,City of London 001F,Other theft,Investigation complete; no suspect identified
267,7,2026,-0.104276,51.513712,On or near A201,E01032739,City of London 001F,Other theft,Under investigation
268,7,2026,-0.079138,51.508312,On or near Lower Thames Street,E01032739,City of London 001F,Other theft,Investigation complete; no suspect identified
269,7,2026,-0.084836,51.511939,On or near Shopping Area,E01032739,City of London 001F,Other theft,Investigation complete; no suspect identified
270,7,2026,-0.09154,51.511896,On or near Cannon Street,E01032739,City of London 001F,Other theft,Investigation complete; no suspect identified
271,7,2026,-0.096917,51.510823,On or near Broken Wharf,E01032739,City of London 001F,Other theft,Investigation complete; no suspect identified
272,7,2026,-0.091947,51.513188,On or near Pancras Lane,E01032739,City of London 001F,Other theft,Under investigation
273,7,2026,-0.104276,51.513712,On or near A201,E01032739,City of London 001F,Other theft,Investigation complete; no suspect identified
274,7,2026,-0.079138,51.508312,On or near Lower Thames Street,E01032739,City of London 001F,Other theft,Investigation complete; no suspect identified
275,7,2026,-0.101475,51.511077,On or near A3211,E01032739,City of London 001F,Other theft,Investigation complete; no suspect identified
276,7,2026,-0.080291,51.514814,On or near Bury Court,E01032739,City of London 001F,Other theft,Investigation complete; no suspect identified
277,7,2026,-0.082993,51.51636,On or near Wormwood Street,E01032739,City of London 001F,Other theft,Unable to prosecute suspect
278,7,2026,-0.089208,51.509744,On or near Angel Lane,E01032739,City of London 001F,Other theft,Unable to prosecute suspect
279,7,2026,-0.081113,51.516869,On or near Bishopsgate,E01032739,City of London 001F,Other theft,Investigation complete; no suspect identified
280,7,2026,-0.09407,51.513079,On or near Watling Street,E01032739,City of London 001F,Other theft,Investigation complete; no suspect identified
281,7,2026,-0.096501,51.513874,On or near New Change,E01032739,City of London 001F,Other theft,Investigation complete; no suspect identified
282,7,2026,-0.089208,51.509744,On or near Angel Lane,E01032739,City of London 001F,Other theft,Investigation complete; no suspect identified
283,7,2026,-0.087157,51.512624,On or near Lombard Street,E01032739,City of London 001F,Other theft,Unable to prosecute suspect
284,7,2026,-0.087772,51.510665,On or near Martin Lane,E01032739,City of London 001F,Other theft,Investigation complete; no suspect identified
285,7,2026,-0.100201,51.513286,On or near Dean'S Court,E01032739,City of London 001F,Other theft,Investigation complete; no suspect identified
286,7,2026,-0.080365,51.508943,On or near Parking Area,E01032739,City of London 001F,Other theft,Investigation complete; no suspect identified
287,7,2026,-0.079138,51.508312,On or near Lower Thames Street,E01032739,City of London 001F,Other theft,Investigation complete; no suspect identified
288,7,2026,-0.079138,51.508312,On or near Lower Thames Street,E01032739,City of London 001F,Other theft,Investigation complete; no suspect identified
289,7,2026,-0.088785,51.517102,On or near Moorgate,E01032739,City of London 001F,Other theft,Investigation complete; no suspect identified
290,7,2026,-0.084754,51.512882,On or near Corbet Court,E01032739,City of London 001F,Other theft,Investigation complete; no suspect identified
291,7,2026,-0.102134,51.513929,On or near Ludgate Hill,E01032739,City of London 001F,Other theft,Investigation complete; no suspect identified
292,7,2026,-0.079138,51.508312,On or near Lower Thames Street,E01032739,City of London 001F,Other theft,Unable to prosecute suspect
293,7,2026,-0.095054,51.510559,On or near Queenhithe,E01032739,City of London 001F,Other theft,Investigation complete; no suspect identified
294,7,2026,-0.086019,51.513631,On or near Finch Lane,E01032739,City of London 001F,Possession of weapons,Under investigation
295,7,2026,-0.079521,51.511196,On or near New London Street,E01032739,City of London 001F,Possession of weapons,Unable to prosecute suspect
296,7,2026,-0.097291,51.514626,On or near Supermarket,E01032739,City of London 001F,Possession of weapons,Awaiting court outcome
297,7,2026,-0.09154,51.511896,On or near Cannon Street,E01032739,City of London 001F,Possession of weapons,Awaiting court outcome
298,7,2026,-0.09154,51.511896,On or near Cannon Street,E01032739,City of London 001F,Possession of weapons,Under investigation
299,7,2026,-0.081113,51.516869,On or near Bishopsgate,E01032739,City of London 001F,Public order,Awaiting court outcome
300,7,2026,-0.097291,51.514626,On or near Supermarket,E01032739,City of London 001F,Public order,Unable to prosecute suspect
301,7,2026,-0.081902,51.517296,On or near Liverpool Street,E01032739,City of London 001F,Public order,Under investigation
302,7,2026,-0.091823,51.514427,On or near Ironmonger Lane,E01032739,City of London 001F,Public order,Unable to prosecute suspect
303,7,2026,-0.080291,51.514814,On or near Bury Court,E01032739,City of London 001F,Public order,Under investigation
304,7,2026,-0.095224,51.513736,On or near Shopping Area,E01032739,City of London 001F,Public order,Further investigation is not in the public interest
305,7,2026,-0.079907,51.517785,On or near Victoria Avenue,E01032739,City of London 001F,Public order,Unable to prosecute suspect
306,7,2026,-0.081512,51.518692,On or near London Liverpool Street,E01032739,City of London 001F,Public order,Under investigation
307,7,2026,-0.095054,51.510559,On or near Queenhithe,E01032739,City of London 001F,Public order,Investigation complete; no suspect identified
308,7,2026,-0.101292,51.51477,On or near Amen Court,E01032739,City of London 001F,Public order,Under investigation
309,7,2026,-0.07707,51.510877,On or near Cooper'S Row,E01032739,City of London 001F,Public order,Unable to prosecute suspect
310,7,2026,-0.102847,51.512717,On or near Playhouse Yard,E01032739,City of London 001F,Public order,Unable to prosecute suspect
311,7,2026,-0.092531,51.512658,On or near Queen Street,E01032739,City of London 001F,Public order,Under investigation
312,7,2026,-0.079883,51.517326,On or near New Street,E01032739,City of London 001F,Public order,Unable to prosecute suspect
313,7,2026,-0.101292,51.51477,On or near Amen Court,E01032739,City of London 001F,Public order,Under investigation
314,7,2026,-0.077804,51.518083,On or near Sandy'S Row,E01032739,City of London 001F,Public order,Under investigation
315,7,2026,-0.079883,51.517326,On or near New Street,E01032739,City of London 001F,Public order,Under investigation
316,7,2026,-0.093339,51.511557,On or near Conference/Exhibition Centre,E01032739,City of London 001F,Public order,Unable to prosecute suspect
317,7,2026,-0.081902,51.517296,On or near Liverpool Street,E01032739,City of London 001F,Public order,Unable to prosecute suspect
318,7,2026,-0.081113,51.516869,On or near Bishopsgate,E01032739,City of London 001F,Public order,Under investigation
319,7,2026,-0.079883,51.517326,On or near New Street,E01032739,City of London 001F,Public order,Under investigation
320,7,2026,-0.078278,51.513666,On or near Mitre Street,E01032739,City of London 001F,Public order,Unable to prosecute suspect
321,7,2026,-0.081902,51.517296,On or near Liverpool Street,E01032739,City of London 001F,Public order,Under investigation
322,7,2026,-0.081113,51.516869,On or near Bishopsgate,E01032739,City of London 001F,Public order,Under investigation
323,7,2026,-0.088456,51.514975,On or near Tokenhouse Yard,E01032739,City of London 001F,Public order,Investigation complete; no suspect identified
324,7,2026,-0.079907,51.517785,On or near Victoria Avenue,E01032739,City of London 001F,Public order,Awaiting court outcome
325,7,2026,-0.081902,51.517296,On or near Liverpool Street,E01032739,City of London 001F,Public order,Under investigation
326,7,2026,-0.081902,51.517296,On or near Liverpool Street,E01032739,City of London 001F,Public order,Unable to prosecute suspect
327,7,2026,-0.081512,51.518692,On or near London Liverpool Street,E01032739,City of London 001F,Public order,Investigation complete; no suspect identified
328,7,2026,-0.082993,51.51636,On or near Wormwood Street,E01032739,City of London 001F,Public order,Unable to prosecute suspect
329,7,2026,-0.079883,51.517326,On or near New Street,E01032739,City of London 001F,Robbery,Unable to prosecute suspect
330,7,2026,-0.079883,51.517326,On or near New Street,E01032739,City of London 001F,Robbery,Awaiting court outcome
331,7,2026,-0.086815,51.517007,On or near Circus Place,E01032739,City of London 001F,Robbery,Investigation complete; no suspect identified
332,7,2026,-0.089208,51.509744,On or near Angel Lane,E01032739,City of London 001F,Robbery,Investigation complete; no suspect identified
333,7,2026,-0.086815,51.517007,On or near Circus Place,E01032739,City of London 001F,Robbery,Awaiting court outcome
334,7,2026,-0.084844,51.510725,On or near Eastcheap,E01032739,City of London 001F,Robbery,Under investigation
335,7,2026,-0.095224,51.513736,On or near Shopping Area,E01032739,City of London 001F,Robbery,Under investigation
336,7,2026,-0.086815,51.517007,On or near Circus Place,E01032739,City of London 001F,Robbery,Unable to prosecute suspect
337,7,2026,-0.095224,51.513736,On or near Shopping Area,E01032739,City of London 001F,Robbery,Under investigation
338,7,2026,-0.081902,51.517296,On or near Liverpool Street,E01032739,City of London 001F,Robbery,Investigation complete; no suspect identified
339,7,2026,-0.082993,51.51636,On or near Wormwood Street,E01032739,City of London 001F,Robbery,Investigation complete; no suspect identified
340,7,2026,-0.091823,51.514427,On or near Ironmonger Lane,E01032739,City of London 001F,Shoplifting,Under investigation
341,7,2026,-0.079883,51.517326,On or near New Street,E01032739,City of London 001F,Shoplifting,Under investigation
342,7,2026,-0.096501,51.513874,On or near New Change,E01032739,City of London 001F,Shoplifting,Under investigation
343,7,2026,-0.09446,51.512024,On or near Great Trinity Lane,E01032739,City of London 001F,Shoplifting,Investigation complete; no suspect identified
344,7,2026,-0.086815,51.517007,On or near Circus Place,E01032739,City of London 001F,Shoplifting,Under investigation
345,7,2026,-0.079883,51.517326,On or near New Street,E01032739,City of London 001F,Shoplifting,Unable to prosecute suspect
346,7,2026,-0.095924,51.513882,On or near Shopping Area,E01032739,City of London 001F,Shoplifting,Investigation complete; no suspect identified
347,7,2026,-0.078278,51.513666,On or near Mitre Street,E01032739,City of London 001F,Shoplifting,Awaiting court outcome
348,7,2026,-0.095924,51.513882,On or near Shopping Area,E01032739,City of London 001F,Shoplifting,Under investigation
349,7,2026,-0.079883,51.517326,On or near New Street,E01032739,City of London 001F,Shoplifting,Unable to prosecute suspect
350,7,2026,-0.079883,51.517326,On or near New Street,E01032739,City of London 001F,Shoplifting,Unable to prosecute suspect
351,7,2026,-0.08491,51.512588,On or near Bell Inn Yard,E01032739,City of London 001F,Shoplifting,Investigation complete; no suspect identified
352,7,2026,-0.095924,51.513882,On or near Shopping Area,E01032739,City of London 001F,Shoplifting,Investigation complete; no suspect identified
353,7,2026,-0.086815,51.517007,On or near Circus Place,E01032739,City of London 001F,Shoplifting,Investigation complete; no suspect identified
354,7,2026,-0.079883,51.517326,On or near New Street,E01032739,City of London 001F,Shoplifting,Unable to prosecute suspect
355,7,2026,-0.09446,51.512024,On or near Great Trinity Lane,E01032739,City of London 001F,Shoplifting,Investigation complete; no suspect identified
356,7,2026,-0.097291,51.514626,On or near Supermarket,E01032739,City of London 001F,Shoplifting,Investigation complete; no suspect identified
357,7,2026,-0.095924,51.513882,On or near Shopping Area,E01032739,City of London 001F,Shoplifting,Under investigation
358,7,2026,-0.095924,51.513882,On or near Shopping Area,E01032739,City of London 001F,Shoplifting,Under investigation
359,7,2026,-0.097291,51.514626,On or near Supermarket,E01032739,City of London 001F,Shoplifting,Under investigation
360,7,2026,-0.085089,51.512105,On or near Gracechurch Street,E01032739,City of London 001F,Shoplifting,Investigation complete; no suspect identified
361,7,2026,-0.096501,51.513874,On or near New Change,E01032739,City of London 001F,Shoplifting,Investigation complete; no suspect identified
362,7,2026,-0.086815,51.517007,On or near Circus Place,E01032739,City of London 001F,Shoplifting,Awaiting court outcome
363,7,2026,-0.091823,51.514427,On or near Ironmonger Lane,E01032739,City of London 001F,Shoplifting,Under investigation
364,7,2026,-0.078278,51.513666,On or near Mitre Street,E01032739,City of London 001F,Shoplifting,Unable to prosecute suspect
365,7,2026,-0.081902,51.517296,On or near Liverpool Street,E01032739,City of London 001F,Shoplifting,Unable to prosecute suspect
366,7,2026,-0.086815,51.517007,On or near Circus Place,E01032739,City of London 001F,Shoplifting,Investigation complete; no suspect identified
367,7,2026,-0.086815,51.517007,On or near Circus Place,E01032739,City of London 001F,Shoplifting,Investigation complete; no suspect identified
368,7,2026,-0.081512,51.518692,On or near London Liverpool Street,E01032739,City of London 001F,Shoplifting,Investigation complete; no suspect identified
369,7,2026,-0.091823,51.514427,On or near Ironmonger Lane,E01032739,City of London 001F,Shoplifting,Unable to prosecute suspect
370,7,2026,-0.089479,51.510864,On or near Gophir Lane,E01032739,City of London 001F,Shoplifting,Investigation complete; no suspect identified
371,7,2026,-0.079883,51.517326,On or near New Street,E01032739,City of London 001F,Shoplifting,Unable to prosecute suspect
372,7,2026,-0.09446,51.512024,On or near Great Trinity Lane,E01032739,City of London 001F,Shoplifting,Investigation complete; no suspect identified
373,7,2026,-0.096917,51.510823,On or near Broken Wharf,E01032739,City of London 001F,Shoplifting,Under investigation
374,7,2026,-0.086815,51.517007,On or near Circus Place,E01032739,City of London 001F,Shoplifting,Unable to prosecute suspect
375,7,2026,-0.09446,51.512024,On or near Great Trinity Lane,E01032739,City of London 001F,Shoplifting,Investigation complete; no suspect identified
376,7,2026,-0.086815,51.517007,On or near Circus Place,E01032739,City of London 001F,Shoplifting,Local resolution
377,7,2026,-0.086815,51.517007,On or near Circus Place,E01032739,City of London 001F,Shoplifting,Awaiting court outcome
378,7,2026,-0.086815,51.517007,On or near Circus Place,E01032739,City of London 001F,Shoplifting,Under investigation
379,7,2026,-0.095924,51.513882,On or near Shopping Area,E01032739,City of London 001F,Shoplifting,Under investigation
380,7,2026,-0.086815,51.517007,On or near Circus Place,E01032739,City of London 001F,Shoplifting,Investigation complete; no suspect identified
381,7,2026,-0.09446,51.512024,On or near Great Trinity Lane,E01032739,City of London 001F,Shoplifting,Investigation complete; no suspect identified
382,7,2026,-0.081902,51.517296,On or near Liverpool Street,E01032739,City of London 001F,Shoplifting,Unable to prosecute suspect
383,7,2026,-0.095224,51.513736,On or near Shopping Area,E01032739,City of London 001F,Shoplifting,Under investigation
384,7,2026,-0.078278,51.513666,On or near Mitre Street,E01032739,City of London 001F,Shoplifting,Investigation complete; no suspect identified
385,7,2026,-0.100888,51.514448,On or near Amen Corner,E01032739,City of London 001F,Shoplifting,Under investigation
386,7,2026,-0.096501,51.513874,On or near New Change,E01032739,City of London 001F,Shoplifting,Under investigation
387,7,2026,-0.097291,51.514626,On or near Supermarket,E01032739,City of London 001F,Shoplifting,Investigation complete; no suspect identified
388,7,2026,-0.086815,51.517007,On or near Circus Place,E01032739,City of London 001F,Shoplifting,Under investigation
389,7,2026,-0.09407,51.513079,On or near Watling Street,E01032739,City of London 001F,Shoplifting,Investigation complete; no suspect identified
390,7,2026,-0.100888,51.514448,On or near Amen Corner,E01032739,City of London 001F,Shoplifting,Under investigation
391,7,2026,-0.086815,51.517007,On or near Circus Place,E01032739,City of London 001F,Shoplifting,Investigation complete; no suspect identified
392,7,2026,-0.086815,51.517007,On or near Circus Place,E01032739,City of London 001F,Shoplifting,Unable to prosecute suspect
393,7,2026,-0.086815,51.517007,On or near Circus Place,E01032739,City of London 001F,Shoplifting,Investigation complete; no suspect identified
394,7,2026,-0.084844,51.510725,On or near Eastcheap,E01032739,City of London 001F,Shoplifting,Investigation complete; no suspect identified
395,7,2026,-0.09446,51.512024,On or near Great Trinity Lane,E01032739,City of London 001F,Shoplifting,Investigation complete; no suspect identified
396,7,2026,-0.086815,51.517007,On or near Circus Place,E01032739,City of London 001F,Shoplifting,Awaiting court outcome
397,7,2026,-0.081643,51.51007,On or near Great Tower Street,E01032739,City of London 001F,Shoplifting,Unable to prosecute suspect
398,7,2026,-0.088785,51.517102,On or near Moorgate,E01032739,City of London 001F,Shoplifting,Investigation complete; no suspect identified
399,7,2026,-0.091823,51.514427,On or near Ironmonger Lane,E01032739,City of London 001F,Shoplifting,Investigation complete; no suspect identified
400,7,2026,-0.09154,51.511896,On or near Cannon Street,E01032739,City of London 001F,Shoplifting,Under investigation
401,7,2026,-0.086815,51.517007,On or near Circus Place,E01032739,City of London 001F,Shoplifting,Investigation complete; no suspect identified
402,7,2026,-0.100888,51.514448,On or near Amen Corner,E01032739,City of London 001F,Shoplifting,Unable to prosecute suspect
403,7,2026,-0.091823,51.514427,On or near Ironmonger Lane,E01032739,City of London 001F,Shoplifting,Investigation complete; no suspect identified
404,7,2026,-0.081113,51.516869,On or near Bishopsgate,E01032739,City of London 001F,Shoplifting,Local resolution
405,7,2026,-0.078278,51.513666,On or near Mitre Street,E01032739,City of London 001F,Shoplifting,Investigation complete; no suspect identified
406,7,2026,-0.095924,51.513882,On or near Shopping Area,E01032739,City of London 001F,Shoplifting,Investigation complete; no suspect identified
407,7,2026,-0.079883,51.517326,On or near New Street,E01032739,City of London 001F,Shoplifting,Unable to prosecute suspect
408,7,2026,-0.097291,51.514626,On or near Supermarket,E01032739,City of London 001F,Shoplifting,Under investigation
409,7,2026,-0.09407,51.513079,On or near Watling Street,E01032739,City of London 001F,Shoplifting,Under investigation
410,7,2026,-0.088785,51.517102,On or near Moorgate,E01032739,City of London 001F,Shoplifting,Under investigation
411,7,2026,-0.086815,51.517007,On or near Circus Place,E01032739,City of London 001F,Theft from the person,Investigation complete; no suspect identified
412,7,2026,-0.104276,51.513712,On or near A201,E01032739,City of London 001F,Theft from the person,Under investigation
413,7,2026,-0.09154,51.511896,On or near Cannon Street,E01032739,City of London 001F,Theft from the person,Under investigation
414,7,2026,-0.079138,51.508312,On or near Lower Thames Street,E01032739,City of London 001F,Theft from the person,Investigation complete; no suspect identified
415,7,2026,-0.097291,51.514626,On or near Supermarket,E01032739,City of London 001F,Theft from the person,Under investigation
416,7,2026,-0.0949,51.513209,On or near Bread Street,E01032739,City of London 001F,Theft from the person,Under investigation
417,7,2026,-0.095224,51.513736,On or near Shopping Area,E01032739,City of London 001F,Theft from the person,Investigation complete; no suspect identified
418,7,2026,-0.09154,51.511896,On or near Cannon Street,E01032739,City of London 001F,Theft from the person,Investigation complete; no suspect identified
419,7,2026,-0.097291,51.514626,On or near Supermarket,E01032739,City of London 001F,Theft from the person,Investigation complete; no suspect identified
420,7,2026,-0.092531,51.512658,On or near Queen Street,E01032739,City of London 001F,Theft from the person,Investigation complete; no suspect identified
421,7,2026,-0.089808,51.517461,On or near London Wall,E01032739,City of London 001F,Theft from the person,Under investigation
422,7,2026,-0.081902,51.517296,On or near Liverpool Street,E01032739,City of London 001F,Theft from the person,Investigation complete; no suspect identified
423,7,2026,-0.095764,51.512549,On or near Friday Street,E01032739,City of London 001F,Theft from the person,Under investigation
424,7,2026,-0.095764,51.512549,On or near Friday Street,E01032739,City of London 001F,Theft from the person,Under investigation
425,7,2026,-0.100201,51.513286,On or near Dean'S Court,E01032739,City of London 001F,Theft from the person,Under investigation
426,7,2026,-0.095224,51.513736,On or near Shopping Area,E01032739,City of London 001F,Theft from the person,Investigation complete; no suspect identified
427,7,2026,-0.104276,51.513712,On or near A201,E01032739,City of London 001F,Theft from the person,Investigation complete; no suspect identified
428,7,2026,-0.087157,51.512624,On or near Lombard Street,E01032739,City of London 001F,Theft from the person,Investigation complete; no suspect identified
429,7,2026,-0.089208,51.509744,On or near Angel Lane,E01032739,City of London 001F,Theft from the person,Investigation complete; no suspect identified
430,7,2026,-0.081902,51.517296,On or near Liverpool Street,E01032739,City of London 001F,Theft from the person,Investigation complete; no suspect identified
431,7,2026,-0.084844,51.5097,On or near Monument Street,E01032739,City of London 001F,Theft from the person,Investigation complete; no suspect identified
432,7,2026,-0.081902,51.517296,On or near Liverpool Street,E01032739,City of London 001F,Theft from the person,Investigation complete; no suspect identified
433,7,2026,-0.080291,51.514814,On or near Bury Court,E01032739,City of London 001F,Theft from the person,Unable to prosecute suspect
434,7,2026,-0.104276,51.513712,On or near A201,E01032739,City of London 001F,Theft from the person,Investigation complete; no suspect identified
435,7,2026,-0.09154,51.511896,On or near Cannon Street,E01032739,City of London 001F,Theft from the person,Investigation complete; no suspect identified
436,7,2026,-0.09154,51.511896,On or near Cannon Street,E01032739,City of London 001F,Theft from the person,Investigation complete; no suspect identified
437,7,2026,-0.100201,51.513286,On or near Dean'S Court,E01032739,City of London 001F,Theft from the person,Investigation complete; no suspect identified
438,7,2026,-0.095224,51.513736,On or near Shopping Area,E01032739,City of London 001F,Theft from the person,Investigation complete; no suspect identified
439,7,2026,-0.085089,51.512105,On or near Gracechurch Street,E01032739,City of London 001F,Theft from the person,Investigation complete; no suspect identified
440,7,2026,-0.09154,51.511896,On or near Cannon Street,E01032739,City of London 001F,Theft from the person,Investigation complete; no suspect identified
441,7,2026,-0.101963,51.510761,On or near Ferry Terminal,E01032739,City of London 001F,Theft from the person,Unable to prosecute suspect
442,7,2026,-0.079521,51.511196,On or near New London Street,E01032739,City of London 001F,Theft from the person,Investigation complete; no suspect identified
443,7,2026,-0.078278,51.513666,On or near Mitre Street,E01032739,City of London 001F,Theft from the person,Unable to prosecute suspect
444,7,2026,-0.084754,51.512882,On or near Corbet Court,E01032739,City of London 001F,Theft from the person,Investigation complete; no suspect identified
445,7,2026,-0.095224,51.513736,On or near Shopping Area,E01032739,City of London 001F,Theft from the person,Investigation complete; no suspect identified
446,7,2026,-0.078755,51.51844,On or near Artillery Lane,E01032739,City of London 001F,Theft from the person,Investigation complete; no suspect identified
447,7,2026,-0.087157,51.512624,On or near Lombard Street,E01032739,City of London 001F,Theft from the person,Investigation complete; no suspect identified
448,7,2026,-0.092531,51.512658,On or near Queen Street,E01032739,City of London 001F,Theft from the person,Investigation complete; no suspect identified
449,7,2026,-0.088785,51.517102,On or near Moorgate,E01032739,City of London 001F,Theft from the person,Investigation complete; no suspect identified
450,7,2026,-0.086019,51.513631,On or near Finch Lane,E01032739,City of London 001F,Theft from the person,Investigation complete; no suspect identified
451,7,2026,-0.09154,51.511896,On or near Cannon Street,E01032739,City of London 001F,Theft from the person,Investigation complete; no suspect identified
452,7,2026,-0.09407,51.513079,On or near Watling Street,E01032739,City of London 001F,Theft from the person,Investigation complete; no suspect identified
453,7,2026,-0.09154,51.511896,On or near Cannon Street,E01032739,City of London 001F,Theft from the person,Investigation complete; no suspect identified
454,7,2026,-0.081902,51.517296,On or near Liverpool Street,E01032739,City of London 001F,Theft from the person,Investigation complete; no suspect identified
455,7,2026,-0.083977,51.510441,On or near Lovat Lane,E01032739,City of London 001F,Theft from the person,Investigation complete; no suspect identified
456,7,2026,-0.095054,51.510559,On or near Queenhithe,E01032739,City of London 001F,Theft from the person,Investigation complete; no suspect identified
457,7,2026,-0.09407,51.513079,On or near Watling Street,E01032739,City of London 001F,Theft from the person,Investigation complete; no suspect identified
458,7,2026,-0.087772,51.510665,On or near Martin Lane,E01032739,City of London 001F,Theft from the person,Investigation complete; no suspect identified
459,7,2026,-0.085228,51.51119,On or near Talbot Court,E01032739,City of London 001F,Theft from the person,Investigation complete; no suspect identified
460,7,2026,-0.081113,51.516869,On or near Bishopsgate,E01032739,City of London 001F,Theft from the person,Investigation complete; no suspect identified
461,7,2026,-0.088785,51.517102,On or near Moorgate,E01032739,City of London 001F,Theft from the person,Investigation complete; no suspect identified
462,7,2026,-0.087772,51.510665,On or near Martin Lane,E01032739,City of London 001F,Theft from the person,Investigation complete; no suspect identified
463,7,2026,-0.101906,51.511794,On or near Theatre/Concert Hall,E01032739,City of London 001F,Theft from the person,Investigation complete; no suspect identified
464,7,2026,-0.077372,51.51259,On or near Carlisle Avenue,E01032739,City of London 001F,Theft from the person,Investigation complete; no suspect identified
465,7,2026,-0.092633,51.509872,On or near Bell Wharf Lane,E01032739,City of London 001F,Vehicle crime,Investigation complete; no suspect identified
466,7,2026,-0.08491,51.512588,On or near Bell Inn Yard,E01032739,City of London 001F,Vehicle crime,Under investigation
467,7,2026,-0.083349,51.51483,On or near Shopping Area,E01032739,City of London 001F,Vehicle crime,Unable to prosecute suspect
468,7,2026,-0.092633,51.509872,On or near Bell Wharf Lane,E01032739,City of London 001F,Vehicle crime,Investigation complete; no suspect identified
469,7,2026,-0.092633,51.509872,On or near Bell Wharf Lane,E01032739,City of London 001F,Vehicle crime,Unable to prosecute suspect
470,7,2026,-0.092633,51.509872,On or near Bell Wharf Lane,E01032739,City of London 001F,Vehicle crime,Investigation complete; no suspect identified
471,7,2026,-0.092633,51.509872,On or near Bell Wharf Lane,E01032739,City of London 001F,Vehicle crime,Investigation complete; no suspect identified
472,7,2026,-0.086815,51.517007,On or near Circus Place,E01032739,City of London 001F,Vehicle crime,Investigation complete; no suspect identified
473,7,2026,-0.092633,51.509872,On or near Bell Wharf Lane,E01032739,City of London 001F,Vehicle crime,Under investigation
474,7,2026,-0.092633,51.509872,On or near Bell Wharf Lane,E01032739,City of London 001F,Vehicle crime,Under investigation
475,7,2026,-0.092633,51.509872,On or near Bell Wharf Lane,E01032739,City of London 001F,Violence and sexual offences,Investigation complete; no suspect identified
476,7,2026,-0.07707,51.510877,On or near Cooper'S Row,E01032739,City of London 001F,Violence and sexual offences,Unable to prosecute suspect
477,7,2026,-0.081113,51.516869,On or near Bishopsgate,E01032739,City of London 001F,Violence and sexual offences,Under investigation
478,7,2026,-0.0949,51.513209,On or near Bread Street,E01032739,City of London 001F,Violence and sexual offences,Unable to prosecute suspect
479,7,2026,-0.081113,51.516869,On or near Bishopsgate,E01032739,City of London 001F,Violence and sexual offences,Awaiting court outcome
480,7,2026,-0.081113,51.516869,On or near Bishopsgate,E01032739,City of London 001F,Violence and sexual offences,Unable to prosecute suspect
481,7,2026,-0.081113,51.516869,On or near Bishopsgate,E01032739,City of London 001F,Violence and sexual offences,Unable to prosecute suspect
482,7,2026,-0.083977,51.510441,On or near Lovat Lane,E01032739,City of London 001F,Violence and sexual offences,Unable to prosecute suspect
483,7,2026,-0.096501,51.513874,On or near New Change,E01032739,City of London 001F,Violence and sexual offences,Investigation complete; no suspect identified
484,7,2026,-0.080291,51.514814,On or near Bury Court,E01032739,City of London 001F,Violence and sexual offences,Unable to prosecute suspect
485,7,2026,-0.091947,51.513188,On or near Pancras Lane,E01032739,City of London 001F,Violence and sexual offences,Investigation complete; no suspect identified
486,7,2026,-0.089208,51.509744,On or near Angel Lane,E01032739,City of London 001F,Violence and sexual offences,Unable to prosecute suspect
487,7,2026,-0.088785,51.517102,On or near Moorgate,E01032739,City of London 001F,Violence and sexual offences,Unable to prosecute suspect
488,7,2026,-0.077804,51.518083,On or near Sandy'S Row,E01032739,City of London 001F,Violence and sexual offences,Under investigation
489,7,2026,-0.082993,51.51636,On or near Wormwood Street,E01032739,City of London 001F,Violence and sexual offences,Unable to prosecute suspect
490,7,2026,-0.080448,51.520689,On or near Primrose Street,E01032739,City of London 001F,Violence and sexual offences,Unable to prosecute suspect
491,7,2026,-0.083977,51.510441,On or near Lovat Lane,E01032739,City of London 001F,Violence and sexual offences,Under investigation
492,7,2026,-0.079838,51.514267,On or near Bury Street,E01032739,City of London 001F,Violence and sexual offences,Investigation complete; no suspect identified
493,7,2026,-0.078278,51.513666,On or near Mitre Street,E01032739,City of London 001F,Violence and sexual offences,Under investigation
494,7,2026,-0.084836,51.511939,On or near Shopping Area,E01032739,City of London 001F,Violence and sexual offences,Unable to prosecute suspect
495,7,2026,-0.089208,51.509744,On or near Angel Lane,E01032739,City of London 001F,Violence and sexual offences,Unable to prosecute suspect
496,7,2026,-0.101292,51.51477,On or near Amen Court,E01032739,City of London 001F,Violence and sexual offences,Under investigation
497,7,2026,-0.080291,51.514814,On or near Bury Court,E01032739,City of London 001F,Violence and sexual offences,Under investigation
498,7,2026,-0.079907,51.517785,On or near Victoria Avenue,E01032739,City of London 001F,Violence and sexual offences,Investigation complete; no suspect identified
499,7,2026,-0.081113,51.516869,On or near Bishopsgate,E01032739,City of London 001F,Violence and sexual offences,Under investigation
500,7,2026,-0.092531,51.512658,On or near Queen Street,E01032739,City of London 001F,Violence and sexual offences,Investigation complete; no suspect identified
501,7,2026,-0.089208,51.509744,On or near Angel Lane,E01032739,City of London 001F,Violence and sexual offences,Investigation complete; no suspect identified
502,7,2026,-0.081091,51.50882,On or near Water Lane,E01032739,City of London 001F,Violence and sexual offences,Under investigation
503,7,2026,-0.087772,51.510665,On or near Martin Lane,E01032739,City of London 001F,Violence and sexual offences,Investigation complete; no suspect identified
504,7,2026,-0.090578,51.509722,On or near Allhallows Lane,E01032739,City of London 001F,Violence and sexual offences,Under investigation
505,7,2026,-0.079883,51.517326,On or near New Street,E01032739,City of London 001F,Violence and sexual offences,Unable to prosecute suspect
506,7,2026,-0.101475,51.511077,On or near A3211,E01032739,City of London 001F,Violence and sexual offences,Under investigation
507,7,2026,-0.082993,51.51636,On or near Wormwood Street,E01032739,City of London 001F,Violence and sexual offences,Unable to prosecute suspect
508,7,2026,-0.083977,51.510441,On or near Lovat Lane,E01032739,City of London 001F,Violence and sexual offences,Under investigation
509,7,2026,-0.092036,51.511049,On or near College Street,E01032739,City of London 001F,Violence and sexual offences,Under investigation
510,7,2026,-0.0949,51.513209,On or near Bread Street,E01032739,City of London 001F,Violence and sexual offences,Awaiting court outcome
511,7,2026,-0.0949,51.513209,On or near Bread Street,E01032739,City of London 001F,Violence and sexual offences,Awaiting court outcome
512,7,2026,-0.081902,51.517296,On or near Liverpool Street,E01032739,City of London 001F,Violence and sexual offences,Under investigation
513,7,2026,-0.084844,51.510725,On or near Eastcheap,E01032739,City of London 001F,Violence and sexual offences,Under investigation
514,7,2026,-0.084844,51.510725,On or near Eastcheap,E01032739,City of London 001F,Violence and sexual offences,Unable to prosecute suspect
515,7,2026,-0.088785,51.517102,On or near Moorgate,E01032739,City of London 001F,Violence and sexual offences,Under investigation
516,7,2026,-0.081113,51.516869,On or near Bishopsgate,E01032739,City of London 001F,Violence and sexual offences,Investigation complete; no suspect identified
517,7,2026,-0.087772,51.510665,On or near Martin Lane,E01032739,City of London 001F,Violence and sexual offences,Awaiting court outcome
518,7,2026,-0.087772,51.510665,On or near Martin Lane,E01032739,City of London 001F,Violence and sexual offences,Awaiting court outcome
519,7,2026,-0.079907,51.517785,On or near Victoria Avenue,E01032739,City of London 001F,Violence and sexual offences,Under investigation
520,7,2026,-0.09154,51.511896,On or near Cannon Street,E01032739,City of London 001F,Violence and sexual offences,Unable to prosecute suspect
521,7,2026,-0.081113,51.516869,On or near Bishopsgate,E01032739,City of London 001F,Violence and sexual offences,Under investigation
522,7,2026,-0.084844,51.5097,On or near Monument Street,E01032739,City of London 001F,Violence and sexual offences,Unable to prosecute suspect
523,7,2026,-0.081113,51.516869,On or near Bishopsgate,E01032739,City of London 001F,Violence and sexual offences,Unable to prosecute suspect
524,7,2026,-0.078059,51.509967,On or near Trinity Square,E01032739,City of London 001F,Violence and sexual offences,Unable to prosecute suspect
525,7,2026,-0.089479,51.510864,On or near Gophir Lane,E01032739,City of London 001F,Violence and sexual offences,Unable to prosecute suspect
526,7,2026,-0.084844,51.5097,On or near Monument Street,E01032739,City of London 001F,Violence and sexual offences,Unable to prosecute suspect
527,7,2026,-0.079138,51.508312,On or near Lower Thames Street,E01032739,City of London 001F,Violence and sexual offences,Awaiting court outcome
528,7,2026,-0.079883,51.517326,On or near New Street,E01032739,City of London 001F,Violence and sexual offences,Under investigation
529,7,2026,-0.083977,51.510441,On or near Lovat Lane,E01032739,City of London 001F,Violence and sexual offences,Unable to prosecute suspect
530,7,2026,-0.087772,51.510665,On or near Martin Lane,E01032739,City of London 001F,Violence and sexual offences,Investigation complete; no suspect identified
531,7,2026,-0.081973,51.515948,On or near A10,E01032739,City of London 001F,Violence and sexual offences,Under investigation
532,7,2026,-0.083977,51.510441,On or near Lovat Lane,E01032739,City of London 001F,Violence and sexual offences,Unable to prosecute suspect
533,7,2026,-0.092531,51.512658,On or near Queen Street,E01032739,City of London 001F,Violence and sexual offences,Unable to prosecute suspect
534,7,2026,-0.078059,51.509967,On or near Trinity Square,E01032739,City of London 001F,Violence and sexual offences,Unable to prosecute suspect
535,7,2026,-0.082993,51.51636,On or near Wormwood Street,E01032739,City of London 001F,Violence and sexual offences,Under investigation
536,7,2026,-0.095924,51.513882,On or near Shopping Area,E01032739,City of London 001F,Violence and sexual offences,Under investigation
537,7,2026,-0.078477,51.509965,On or near Muscovy Street,E01032739,City of London 001F,Violence and sexual offences,Unable to prosecute suspect
538,7,2026,-0.101963,51.510761,On or near Ferry Terminal,E01032739,City of London 001F,Violence and sexual offences,Investigation complete; no suspect identified
539,7,2026,-0.081512,51.518692,On or near London Liverpool Street,E01032739,City of London 001F,Violence and sexual offences,Under investigation
540,7,2026,-0.080769,51.520236,On or near Further/Higher Educational Building,E01032739,City of London 001F,Violence and sexual offences,Under investigation
541,7,2026,-0.082993,51.51636,On or near Wormwood Street,E01032739,City of London 001F,Violence and sexual offences,Under investigation
542,7,2026,-0.079907,51.517785,On or near Victoria Avenue,E01032739,City of London 001F,Violence and sexual offences,Under investigation
543,7,2026,-0.081091,51.50882,On or near Water Lane,E01032739,City of London 001F,Violence and sexual offences,Under investigation
544,7,2026,-0.081113,51.516869,On or near Bishopsgate,E01032739,City of London 001F,Violence and sexual offences,Under investigation
545,7,2026,-0.096501,51.513874,On or near New Change,E01032739,City of London 001F,Violence and sexual offences,Investigation complete; no suspect identified
546,7,2026,-0.07707,51.510877,On or near Cooper'S Row,E01032739,City of London 001F,Violence and sexual offences,Under investigation
547,7,2026,-0.087772,51.510665,On or near Martin Lane,E01032739,City of London 001F,Violence and sexual offences,Awaiting court outcome
548,7,2026,-0.079196,51.513789,On or near Creechurch Lane,E01032739,City of London 001F,Violence and sexual offences,Investigation complete; no suspect identified
549,7,2026,-0.087772,51.510665,On or near Martin Lane,E01032739,City of London 001F,Violence and sexual offences,Awaiting court outcome
550,7,2026,-0.079127,51.509607,On or near Byward Street,E01032739,City of London 001F,Violence and sexual offences,Under investigation
551,7,2026,-0.09154,51.511896,On or near Cannon Street,E01032739,City of London 001F,Violence and sexual offences,Unable to prosecute suspect
552,7,2026,-0.077563,51.517656,On or near Sandy'S Row,E01032739,City of London 001F,Violence and sexual offences,Under investigation
553,7,2026,-0.077563,51.517656,On or near Sandy'S Row,E01032739,City of London 001F,Violence and sexual offences,Under investigation
554,7,2026,-0.077563,51.517656,On or near Sandy'S Row,E01032739,City of London 001F,Violence and sexual offences,Under investigation
555,7,2026,-0.077563,51.517656,On or near Sandy'S Row,E01032739,City of London 001F,Violence and sexual offences,Under investigation
556,7,2026,-0.081113,51.516869,On or near Bishopsgate,E01032739,City of London 001F,Violence and sexual offences,Unable to prosecute suspect
557,7,2026,-0.081113,51.516869,On or near Bishopsgate,E01032739,City of London 001F,Violence and sexual offences,Under investigation
558,7,2026,-0.095224,51.513736,On or near Shopping Area,E01032739,City of London 001F,Violence and sexual offences,Unable to prosecute suspect
559,7,2026,-0.079907,51.517785,On or near Victoria Avenue,E01032739,City of London 001F,Other crime,Local resolution
560,7,2026,-0.101359,51.5187,On or near Parking Area,E01032740,City of London 001G,Bicycle theft,Investigation complete; no suspect identified
561,7,2026,-0.106076,51.517239,On or near Conference/Exhibition Centre,E01032740,City of London 001G,Bicycle theft,Investigation complete; no suspect identified
562,7,2026,-0.107443,51.515534,On or near Printer Street,E01032740,City of London 001G,Bicycle theft,Under investigation
563,7,2026,-0.112019,51.516067,On or near Chancery Lane,E01032740,City of London 001G,Bicycle theft,Under investigation
564,7,2026,-0.098017,51.519689,On or near Cloth Street,E01032740,City of London 001G,Bicycle theft,Investigation complete; no suspect identified
565,7,2026,-0.10498,51.512033,On or near Kingscote Street,E01032740,City of London 001G,Bicycle theft,Investigation complete; no suspect identified
566,7,2026,-0.106076,51.517239,On or near Conference/Exhibition Centre,E01032740,City of London 001G,Bicycle theft,Under investigation
567,7,2026,-0.098886,51.519254,On or near Kinghorn Street,E01032740,City of London 001G,Bicycle theft,Investigation complete; no suspect identified
568,7,2026,-0.10845,51.514202,On or near Fleet Street,E01032740,City of London 001G,Bicycle theft,Investigation complete; no suspect identified
569,7,2026,-0.109065,51.512566,On or near Kings Bench Walk,E01032740,City of London 001G,Bicycle theft,Investigation complete; no suspect identified
570,7,2026,-0.099709,51.519906,On or near Farringdon,E01032740,City of London 001G,Bicycle theft,Investigation complete; no suspect identified
571,7,2026,-0.098017,51.519689,On or near Cloth Street,E01032740,City of London 001G,Bicycle theft,Investigation complete; no suspect identified
572,7,2026,-0.102812,51.517051,On or near Police Station,E01032740,City of London 001G,Burglary,Unable to prosecute suspect
573,7,2026,-0.101359,51.5187,On or near Parking Area,E01032740,City of London 001G,Burglary,Under investigation
574,7,2026,-0.097959,51.517629,On or near Montague Street,E01032740,City of London 001G,Burglary,Under investigation
575,7,2026,-0.108069,51.515041,On or near Gough Square,E01032740,City of London 001G,Burglary,Under investigation
576,7,2026,-0.101621,51.516906,On or near Giltspur Street,E01032740,City of London 001G,Burglary,Under investigation
577,7,2026,-0.098017,51.519689,On or near Cloth Street,E01032740,City of London 001G,Criminal damage and arson,Under investigation
578,7,2026,-0.108027,51.511884,On or near Temple Avenue,E01032740,City of London 001G,Criminal damage and arson,Unable to prosecute suspect
579,7,2026,-0.101359,51.5187,On or near Parking Area,E01032740,City of London 001G,Criminal damage and arson,Investigation complete; no suspect identified
580,7,2026,-0.106076,51.517239,On or near Conference/Exhibition Centre,E01032740,City of London 001G,Drugs,Under investigation
581,7,2026,-0.101621,51.516906,On or near Giltspur Street,E01032740,City of London 001G,Other theft,Investigation complete; no suspect identified
582,7,2026,-0.112953,51.518231,On or near Southampton Buildings,E01032740,City of London 001G,Other theft,Investigation complete; no suspect identified
583,7,2026,-0.107979,51.51548,On or near East Harding Street,E01032740,City of London 001G,Other theft,Investigation complete; no suspect identified
584,7,2026,-0.106076,51.517239,On or near Conference/Exhibition Centre,E01032740,City of London 001G,Other theft,Investigation complete; no suspect identified
585,7,2026,-0.10349,51.513897,On or near City Thameslink,E01032740,City of London 001G,Other theft,Investigation complete; no suspect identified
586,7,2026,-0.106076,51.517239,On or near Conference/Exhibition Centre,E01032740,City of London 001G,Other theft,Investigation complete; no suspect identified
587,7,2026,-0.109164,51.517846,On or near Holborn,E01032740,City of London 001G,Other theft,Under investigation
588,7,2026,-0.106076,51.517239,On or near Conference/Exhibition Centre,E01032740,City of London 001G,Other theft,Investigation complete; no suspect identified
589,7,2026,-0.105131,51.513941,On or near Bride Lane,E01032740,City of London 001G,Other theft,Investigation complete; no suspect identified
590,7,2026,-0.101621,51.516906,On or near Giltspur Street,E01032740,City of London 001G,Other theft,Under investigation
591,7,2026,-0.102812,51.517051,On or near Police Station,E01032740,City of London 001G,Other theft,Investigation complete; no suspect identified
592,7,2026,-0.101359,51.5187,On or near Parking Area,E01032740,City of London 001G,Other theft,Investigation complete; no suspect identified
593,7,2026,-0.10498,51.512033,On or near Kingscote Street,E01032740,City of London 001G,Other theft,Under investigation
594,7,2026,-0.10498,51.512033,On or near Kingscote Street,E01032740,City of London 001G,Other theft,Under investigation
595,7,2026,-0.101359,51.5187,On or near Parking Area,E01032740,City of London 001G,Other theft,Investigation complete; no suspect identified
596,7,2026,-0.10498,51.512033,On or near Kingscote Street,E01032740,City of London 001G,Other theft,Under investigation
597,7,2026,-0.107443,51.515534,On or near Printer Street,E01032740,City of London 001G,Other theft,Investigation complete; no suspect identified
598,7,2026,-0.10498,51.512033,On or near Kingscote Street,E01032740,City of London 001G,Other theft,Investigation complete; no suspect identified
599,7,2026,-0.109913,51.516806,On or near Norwich Street,E01032740,City of London 001G,Other theft,Under investigation
600,7,2026,-0.101621,51.516906,On or near Giltspur Street,E01032740,City of London 001G,Other theft,Investigation complete; no suspect identified
601,7,2026,-0.107979,51.51548,On or near East Harding Street,E01032740,City of London 001G,Other theft,Under investigation
602,7,2026,-0.10498,51.512033,On or near Kingscote Street,E01032740,City of London 001G,Public order,Unable to prosecute suspect
603,7,2026,-0.105131,51.513941,On or near Bride Lane,E01032740,City of London 001G,Public order,Under investigation
604,7,2026,-0.102726,51.513911,On or near Pageantmaster Court,E01032740,City of London 001G,Public order,Unable to prosecute suspect
605,7,2026,-0.101621,51.516906,On or near Giltspur Street,E01032740,City of London 001G,Public order,Unable to prosecute suspect
606,7,2026,-0.10498,51.512033,On or near Kingscote Street,E01032740,City of London 001G,Public order,Investigation complete; no suspect identified
607,7,2026,-0.106076,51.517239,On or near Conference/Exhibition Centre,E01032740,City of London 001G,Public order,Local resolution
608,7,2026,-0.101621,51.516906,On or near Giltspur Street,E01032740,City of London 001G,Public order,Unable to prosecute suspect
609,7,2026,-0.10498,51.512033,On or near Kingscote Street,E01032740,City of London 001G,Robbery,Unable to prosecute suspect
610,7,2026,-0.099803,51.519026,On or near Cloth Fair,E01032740,City of London 001G,Robbery,Under investigation
611,7,2026,-0.105131,51.513941,On or near Bride Lane,E01032740,City of London 001G,Robbery,Under investigation
612,7,2026,-0.10498,51.512033,On or near Kingscote Street,E01032740,City of London 001G,Robbery,Investigation complete; no suspect identified
613,7,2026,-0.109387,51.513839,On or near Old Mitre Court,E01032740,City of London 001G,Shoplifting,Investigation complete; no suspect identified
614,7,2026,-0.112953,51.518231,On or near Southampton Buildings,E01032740,City of London 001G,Shoplifting,Investigation complete; no suspect identified
615,7,2026,-0.10498,51.512033,On or near Kingscote Street,E01032740,City of London 001G,Shoplifting,Investigation complete; no suspect identified
616,7,2026,-0.111065,51.512302,On or near Middle Temple Lane,E01032740,City of London 001G,Theft from the person,Investigation complete; no suspect identified
617,7,2026,-0.099301,51.519674,On or near Hayne Street,E01032740,City of London 001G,Theft from the person,Investigation complete; no suspect identified
618,7,2026,-0.101359,51.5187,On or near Parking Area,E01032740,City of London 001G,Theft from the person,Unable to prosecute suspect
619,7,2026,-0.105131,51.513941,On or near Bride Lane,E01032740,City of London 001G,Theft from the person,Investigation complete; no suspect identified
620,7,2026,-0.106076,51.517239,On or near Conference/Exhibition Centre,E01032740,City of London 001G,Theft from the person,Unable to prosecute suspect
621,7,2026,-0.108027,51.511884,On or near Temple Avenue,E01032740,City of London 001G,Theft from the person,Investigation complete; no suspect identified
622,7,2026,-0.102726,51.513911,On or near Pageantmaster Court,E01032740,City of London 001G,Theft from the person,Investigation complete; no suspect identified
623,7,2026,-0.108027,51.511884,On or near Temple Avenue,E01032740,City of London 001G,Theft from the person,Investigation complete; no suspect identified
624,7,2026,-0.109387,51.513839,On or near Old Mitre Court,E01032740,City of London 001G,Theft from the person,Investigation complete; no suspect identified
625,7,2026,-0.099803,51.519026,On or near Cloth Fair,E01032740,City of London 001G,Theft from the person,Under investigation
626,7,2026,-0.101359,51.5187,On or near Parking Area,E01032740,City of London 001G,Theft from the person,Under investigation
627,7,2026,-0.102726,51.513911,On or near Pageantmaster Court,E01032740,City of London 001G,Theft from the person,Investigation complete; no suspect identified
628,7,2026,-0.106076,51.517239,On or near Conference/Exhibition Centre,E01032740,City of London 001G,Theft from the person,Investigation complete; no suspect identified
629,7,2026,-0.108027,51.511884,On or near Temple Avenue,E01032740,City of London 001G,Theft from the person,Investigation complete; no suspect identified
630,7,2026,-0.10845,51.514202,On or near Fleet Street,E01032740,City of London 001G,Theft from the person,Under investigation
631,7,2026,-0.101359,51.5187,On or near Parking Area,E01032740,City of London 001G,Theft from the person,Investigation complete; no suspect identified
632,7,2026,-0.106076,51.517239,On or near Conference/Exhibition Centre,E01032740,City of London 001G,Theft from the person,Investigation complete; no suspect identified
633,7,2026,-0.112019,51.516067,On or near Chancery Lane,E01032740,City of London 001G,Theft from the person,Investigation complete; no suspect identified
634,7,2026,-0.108027,51.511884,On or near Temple Avenue,E01032740,City of London 001G,Theft from the person,Investigation complete; no suspect identified
635,7,2026,-0.098875,51.518831,On or near Bartholomew Close,E01032740,City of London 001G,Theft from the person,Investigation complete; no suspect identified
636,7,2026,-0.105131,51.513941,On or near Bride Lane,E01032740,City of London 001G,Violence and sexual offences,Investigation complete; no suspect identified
637,7,2026,-0.105131,51.513941,On or near Bride Lane,E01032740,City of London 001G,Violence and sexual offences,Under investigation
638,7,2026,-0.101359,51.5187,On or near Parking Area,E01032740,City of London 001G,Violence and sexual offences,Unable to prosecute suspect
639,7,2026,-0.101359,51.5187,On or near Parking Area,E01032740,City of London 001G,Violence and sexual offences,Under investigation
640,7,2026,-0.103393,51.517978,On or near Smithfield Street,E01032740,City of London 001G,Violence and sexual offences,Unable to prosecute suspect
641,7,2026,-0.101621,51.516906,On or near Giltspur Street,E01032740,City of London 001G,Violence and sexual offences,Unable to prosecute suspect
642,7,2026,-0.105131,51.513941,On or near Bride Lane,E01032740,City of London 001G,Violence and sexual offences,Under investigation
643,7,2026,-0.101621,51.516906,On or near Giltspur Street,E01032740,City of London 001G,Violence and sexual offences,Under investigation
644,7,2026,-0.101621,51.516906,On or near Giltspur Street,E01032740,City of London 001G,Violence and sexual offences,Under investigation
645,7,2026,-0.10845,51.514202,On or near Fleet Street,E01032740,City of London 001G,Other crime,Under investigation
646,7,2026,-0.081813,51.520783,On or near Appold Street,E01033708,Hackney 033C,Public order,Unable to prosecute suspect
647,7,2026,-0.082648,51.520455,On or near Earl Street,E01033708,Hackney 033C,Public order,Under investigation
648,7,2026,-0.082648,51.520455,On or near Earl Street,E01033708,Hackney 033C,Theft from the person,Investigation complete; no suspect identified
649,7,2026,-0.285404,51.488839,On or near Kew Bridge Court,E01002580,Hounslow 008C,Other crime,Under investigation
650,7,2026,-0.106997,51.522137,On or near Farringdon Road,E01002724,Islington 022D,Drugs,Local resolution
651,7,2026,-0.0985,51.520551,On or near Carthusian Street,E01033490,Islington 022H,Robbery,Unable to prosecute suspect
652,7,2026,-0.0985,51.520551,On or near Carthusian Street,E01033490,Islington 022H,Robbery,Awaiting court outcome
653,7,2026,-0.0985,51.520551,On or near Carthusian Street,E01033490,Islington 022H,Robbery,Unable to prosecute suspect
654,7,2026,-0.0985,51.520551,On or near Carthusian Street,E01033490,Islington 022H,Shoplifting,Unable to prosecute suspect
655,7,2026,-0.0985,51.520551,On or near Carthusian Street,E01033490,Islington 022H,Shoplifting,Unable to prosecute suspect
656,7,2026,-0.0985,51.520551,On or near Carthusian Street,E01033490,Islington 022H,Shoplifting,Unable to prosecute suspect
657,7,2026,-0.0985,51.520551,On or near Carthusian Street,E01033490,Islington 022H,Shoplifting,Unable to prosecute suspect
658,7,2026,-0.0985,51.520551,On or near Carthusian Street,E01033490,Islington 022H,Shoplifting,Unable to prosecute suspect
659,7,2026,-0.182718,51.491357,On or near Dove Mews,E01002836,Kensington and Chelsea 016D,Other theft,Investigation complete; no suspect identified
660,7,2026,-0.11841,51.499488,On or near Hospital,E01003013,Lambeth 036A,Violence and sexual offences,Unable to prosecute suspect
661,7,2026,-0.11841,51.499488,On or near Hospital,E01003013,Lambeth 036A,Violence and sexual offences,Under investigation
662,7,2026,-0.11841,51.499488,On or near Hospital,E01003013,Lambeth 036A,Violence and sexual offences,Unable to prosecute suspect
663,7,2026,-2.391255,53.870886,On or near Lowergate,E01025335,Ribble Valley 003C,Bicycle theft,Investigation complete; no suspect identified
664,7,2026,-0.092749,51.507104,On or near Bank End,E01003929,Southwark 002B,Drugs,Formal action is not in the public interest
665,7,2026,-0.076395,51.503303,On or near Horselydown Lane,E01032640,Southwark 035B,Other theft,Under investigation
666,7,2026,-0.078757,51.520455,On or near Spital Square,E01004307,Tower Hamlets 015B,Other theft,Unable to prosecute suspect
667,7,2026,-0.078757,51.520455,On or near Spital Square,E01004307,Tower Hamlets 015B,Theft from the person,Under investigation
668,7,2026,-0.053008,51.517179,On or near Jubilee Street,E01004323,Tower Hamlets 017B,Criminal damage and arson,Under investigation
669,7,2026,-0.053008,51.517179,On or near Jubilee Street,E01004323,Tower Hamlets 017B,Other crime,Under investigation
670,7,2026,-0.053906,51.518768,On or near Lindley Street,E01004324,Tower Hamlets 017C,Criminal damage and arson,Under investigation
671,7,2026,-0.005754,51.513031,On or near Kirkmichael Road,E01004243,Tower Hamlets 020A,Drugs,Local resolution
672,7,2026,-0.072542,51.5131,On or near Further/Higher Educational Building,E01032767,Tower Hamlets 021F,Drugs,Under investigation
673,7,2026,-0.072542,51.5131,On or near Further/Higher Educational Building,E01032767,Tower Hamlets 021F,Drugs,Under investigation
674,7,2026,-0.074039,51.508588,On or near Tower Bridge Approach,E01004293,Tower Hamlets 027B,Public order,Investigation complete; no suspect identified
675,7,2026,-0.074039,51.508588,On or near Tower Bridge Approach,E01004293,Tower Hamlets 027B,Theft from the person,Under investigation
676,7,2026,-0.111756,51.513724,On or near Fleet Street,E01004735,Westminster 018B,Other theft,Investigation complete; no suspect identified
677,7,2026,-0.111567,51.513757,On or near Middle Temple Lane,E01004735,Westminster 018B,Other theft,Under investigation
678,7,2026,-0.111567,51.513757,On or near Middle Temple Lane,E01004735,Westminster 018B,Public order,Investigation complete; no suspect identified
679,7,2026,-0.111756,51.513724,On or near Fleet Street,E01004735,Westminster 018B,Public order,Investigation complete; no suspect identified
680,7,2026,-0.111567,51.513757,On or near Middle Temple Lane,E01004735,Westminster 018B,Theft from the person,Investigation complete; no suspect identified
681,8,2026,-0.10701,51.52148,On or near Saffron Street,E01000916,Camden 027B,Theft from the person,Investigation complete; no suspect identified
682,8,2026,-0.107682,51.517786,On or near B521,E01000917,Camden 027C,Bicycle theft,Investigation complete; no suspect identified
683,8,2026,-0.107682,51.517786,On or near B521,E01000917,Camden 027C,Drugs,Under investigation
684,8,2026,-0.11035,51.51809,On or near Holborn,E01000917,Camden 027C,Other theft,Investigation complete; no suspect identified
685,8,2026,-0.107682,51.517786,On or near B521,E01000917,Camden 027C,Theft from the person,Investigation complete; no suspect identified
686,8,2026,-0.107682,51.517786,On or near B521,E01000917,Camden 027C,Violence and sexual offences,Under investigation
687,8,2026,-0.115068,51.522869,On or near Roger Street,E01000920,Camden 027D,Drugs,Under investigation
688,8,2026,-0.111596,51.518281,On or near Chancery Lane,E01000914,Camden 028B,Drugs,Under investigation
689,8,2026,-0.111596,51.518281,On or near Chancery Lane,E01000914,Camden 028B,Theft from the person,Investigation complete; no suspect identified
690,8,2026,-0.111596,51.518281,On or near Chancery Lane,E01000914,Camden 028B,Theft from the person,Investigation complete; no suspect identified
691,8,2026,-0.098519,51.517332,On or near Little Britain,E01000001,City of London 001A,Bicycle theft,Investigation complete; no suspect identified
692,8,2026,-0.097078,51.519045,On or near A1,E01000001,City of London 001A,Bicycle theft,Under investigation
693,8,2026,-0.097245,51.515387,On or near St Martin'S Le Grand,E01000001,City of London 001A,Other theft,Under investigation
694,8,2026,-0.097245,51.515387,On or near St Martin'S Le Grand,E01000001,City of London 001A,Other theft,Under investigation
695,8,2026,-0.098519,51.517332,On or near Little Britain,E01000001,City of London 001A,Other theft,Under investigation
696,8,2026,-0.097506,51.521228,On or near Aldersgate Street,E01000001,City of London 001A,Other theft,Under investigation
697,8,2026,-0.097245,51.515387,On or near St Martin'S Le Grand,E01000001,City of London 001A,Other theft,Under investigation
698,8,2026,-0.097078,51.519045,On or near A1,E01000001,City of London 001A,Other theft,Under investigation
699,8,2026,-0.097245,51.515387,On or near St Martin'S Le Grand,E01000001,City of London 001A,Shoplifting,Under investigation
700,8,2026,-0.097245,51.515387,On or near St Martin'S Le Grand,E01000001,City of London 001A,Shoplifting,Unable to prosecute suspect
701,8,2026,-0.096718,51.515511,On or near Conference/Exhibition Centre,E01000001,City of London 001A,Shoplifting,Under investigation
702,8,2026,-0.097078,51.519045,On or near A1,E01000001,City of London 001A,Theft from the person,Investigation complete; no suspect identified
703,8,2026,-0.097078,51.519045,On or near A1,E01000001,City of London 001A,Theft from the person,Under investigation
704,8,2026,-0.097078,51.519045,On or near A1,E01000001,City of London 001A,Theft from the person,Investigation complete; no suspect identified
705,8,2026,-0.097103,51.518461,On or near Aldersgate Street,E01000001,City of London 001A,Vehicle crime,Under investigation
706,8,2026,-0.098519,51.517332,On or near Little Britain,E01000001,City of London 001A,Violence and sexual offences,Under investigation
707,8,2026,-0.09707,51.518892,On or near Aldersgate Street,E01000001,City of London 001A,Violence and sexual offences,Under investigation
708,8,2026,-0.092488,51.520598,On or near Silk Street,E01000002,City of London 001B,Bicycle theft,Awaiting court outcome
709,8,2026,-0.092488,51.520598,On or near Silk Street,E01000002,City of London 001B,Bicycle theft,Investigation complete; no suspect identified
710,8,2026,-0.094655,51.517369,On or near Parking Area,E01000002,City of London 001B,Bicycle theft,Investigation complete; no suspect identified
711,8,2026,-0.09413,51.519961,On or near Theatre/Concert Hall,E01000002,City of London 001B,Bicycle theft,Under investigation
712,8,2026,-0.09413,51.519961,On or near Theatre/Concert Hall,E01000002,City of London 001B,Bicycle theft,Investigation complete; no suspect identified
713,8,2026,-0.090553,51.518948,On or near Moor Lane,E01000002,City of London 001B,Bicycle theft,Under investigation
714,8,2026,-0.092374,51.519517,On or near Further/Higher Educational Building,E01000002,City of London 001B,Criminal damage and arson,Investigation complete; no suspect identified
715,8,2026,-0.090553,51.518948,On or near Moor Lane,E01000002,City of London 001B,Other theft,Under investigation
716,8,2026,-0.093886,51.518166,On or near Monkwell Square,E01000002,City of London 001B,Other theft,Unable to prosecute suspect
717,8,2026,-0.095704,51.516747,On or near Noble Street,E01000002,City of London 001B,Other theft,Under investigation
718,8,2026,-0.090553,51.518948,On or near Moor Lane,E01000002,City of London 001B,Other theft,Under investigation
719,8,2026,-0.090553,51.518948,On or near Moor Lane,E01000002,City of London 001B,Robbery,Under investigation
720,8,2026,-0.092971,51.516271,On or near Aldermanbury,E01000002,City of London 001B,Robbery,Under investigation
721,8,2026,-0.090553,51.518948,On or near Moor Lane,E01000002,City of London 001B,Shoplifting,Under investigation
722,8,2026,-0.090553,51.518948,On or near Moor Lane,E01000002,City of London 001B,Shoplifting,Investigation complete; no suspect identified
723,8,2026,-0.090553,51.518948,On or near Moor Lane,E01000002,City of London 001B,Shoplifting,Unable to prosecute suspect
724,8,2026,-0.094655,51.517369,On or near Parking Area,E01000002,City of London 001B,Violence and sexual offences,Under investigation
725,8,2026,-0.09413,51.519961,On or near Theatre/Concert Hall,E01000002,City of London 001B,Violence and sexual offences,Under investigation
726,8,2026,-0.092971,51.516271,On or near Aldermanbury,E01000002,City of London 001B,Violence and sexual offences,Under investigation
727,8,2026,-0.091498,51.520483,On or near Conference/Exhibition Centre,E01000002,City of London 001B,Violence and sexual offences,Under investigation
728,8,2026,-0.095758,51.521667,On or near Fann Street,E01000003,City of London 001C,Bicycle theft,Investigation complete; no suspect identified
729,8,2026,-0.095758,51.521667,On or near Fann Street,E01000003,City of London 001C,Drugs,Investigation complete; no suspect identified
730,8,2026,-0.095758,51.521667,On or near Fann Street,E01000003,City of London 001C,Other theft,Under investigation
731,8,2026,-0.094759,51.521435,On or near Brackley Street,E01000003,City of London 001C,Other theft,Investigation complete; no suspect identified
732,8,2026,-0.096114,51.520747,On or near Park/Open Space,E01000003,City of London 001C,Violence and sexual offences,Under investigation
733,8,2026,-0.075401,51.511164,On or near Supermarket,E01000005,City of London 001E,Bicycle theft,Unable to prosecute suspect
734,8,2026,-0.078849,51.516212,On or near Devonshire Square,E01000005,City of London 001E,Bicycle theft,Investigation complete; no suspect identified
735,8,2026,-0.075401,51.511164,On or near Supermarket,E01000005,City of London 001E,Burglary,Under investigation
736,8,2026,-0.077407,51.516215,On or near Harrow Place,E01000005,City of London 001E,Burglary,Under investigation
737,8,2026,-0.074925,51.514924,On or near St Botolph Street,E01000005,City of London 001E,Burglary,Under investigation
738,8,2026,-0.075922,51.515894,On or near New Goulston Street,E01000005,City of London 001E,Burglary,Under investigation
739,8,2026,-0.076145,51.512642,On or near India Street,E01000005,City of London 001E,Burglary,Under investigation
740,8,2026,-0.075866,51.511406,On or near America Square,E01000005,City of London 001E,Drugs,Local resolution
741,8,2026,-0.075401,51.511164,On or near Supermarket,E01000005,City of London 001E,Drugs,Formal action is not in the public interest
742,8,2026,-0.075401,51.511164,On or near Supermarket,E01000005,City of London 001E,Drugs,Formal action is not in the public interest
743,8,2026,-0.074925,51.514924,On or near St Botolph Street,E01000005,City of London 001E,Other theft,Under investigation
744,8,2026,-0.078849,51.516212,On or near Devonshire Square,E01000005,City of London 001E,Other theft,Investigation complete; no suspect identified
745,8,2026,-0.07508,51.512625,On or near St Clare Street,E01000005,City of London 001E,Other theft,Under investigation
746,8,2026,-0.07508,51.512625,On or near St Clare Street,E01000005,City of London 001E,Other theft,Unable to prosecute suspect
747,8,2026,-0.074925,51.514924,On or near St Botolph Street,E01000005,City of London 001E,Other theft,Unable to prosecute suspect
748,8,2026,-0.07508,51.512625,On or near St Clare Street,E01000005,City of London 001E,Other theft,Investigation complete; no suspect identified
749,8,2026,-0.07508,51.512625,On or near St Clare Street,E01000005,City of London 001E,Other theft,Under investigation
750,8,2026,-0.07508,51.512625,On or near St Clare Street,E01000005,City of London 001E,Other theft,Investigation complete; no suspect identified
751,8,2026,-0.073456,51.513542,On or near Little Somerset Street,E01000005,City of London 001E,Other theft,Under investigation
752,8,2026,-0.073456,51.513542,On or near Little Somerset Street,E01000005,City of London 001E,Other theft,Under investigation
753,8,2026,-0.073456,51.513542,On or near Little Somerset Street,E01000005,City of London 001E,Other theft,Under investigation
754,8,2026,-0.07508,51.512625,On or near St Clare Street,E01000005,City of London 001E,Other theft,Investigation complete; no suspect identified
755,8,2026,-0.07508,51.512625,On or near St Clare Street,E01000005,City of London 001E,Other theft,Under investigation
756,8,2026,-0.07433,51.513647,On or near Little Somerset Street,E01000005,City of London 001E,Other theft,Under investigation
757,8,2026,-0.078883,51.515385,On or near Goring Street,E01000005,City of London 001E,Public order,Unable to prosecute suspect
758,8,2026,-0.076716,51.515178,On or near Gravel Lane,E01000005,City of London 001E,Public order,Under investigation
759,8,2026,-0.076425,51.516271,On or near Wentworth Street,E01000005,City of London 001E,Public order,Under investigation
760,8,2026,-0.076425,51.516271,On or near Wentworth Street,E01000005,City of London 001E,Public order,Unable to prosecute suspect
761,8,2026,-0.074925,51.514924,On or near St Botolph Street,E01000005,City of London 001E,Public order,Under investigation
762,8,2026,-0.076425,51.516271,On or near Wentworth Street,E01000005,City of London 001E,Public order,Under investigation
763,8,2026,-0.076425,51.516271,On or near Wentworth Street,E01000005,City of London 001E,Public order,Unable to prosecute suspect
764,8,2026,-0.073067,51.511809,On or near Mansell Street,E01000005,City of London 001E,Robbery,Under investigation
765,8,2026,-0.07433,51.513647,On or near Little Somerset Street,E01000005,City of London 001E,Robbery,Under investigation
766,8,2026,-0.073103,51.511981,On or near A1210,E01000005,City of London 001E,Robbery,Under investigation
767,8,2026,-0.073067,51.511809,On or near Mansell Street,E01000005,City of London 001E,Robbery,Under investigation
768,8,2026,-0.073067,51.511809,On or near Mansell Street,E01000005,City of London 001E,Shoplifting,Investigation complete; no suspect identified
769,8,2026,-0.073103,51.511981,On or near A1210,E01000005,City of London 001E,Shoplifting,Unable to prosecute suspect
770,8,2026,-0.073067,51.511809,On or near Mansell Street,E01000005,City of London 001E,Shoplifting,Unable to prosecute suspect
771,8,2026,-0.075401,51.511164,On or near Supermarket,E01000005,City of London 001E,Shoplifting,Under investigation
772,8,2026,-0.07433,51.513647,On or near Little Somerset Street,E01000005,City of London 001E,Theft from the person,Investigation complete; no suspect identified
773,8,2026,-0.075401,51.511164,On or near Supermarket,E01000005,City of London 001E,Theft from the person,Under investigation
774,8,2026,-0.074925,51.514924,On or near St Botolph Street,E01000005,City of London 001E,Theft from the person,Under investigation
775,8,2026,-0.074253,51.511037,On or near Goodman'S Court,E01000005,City of London 001E,Theft from the person,Investigation complete; no suspect identified
776,8,2026,-0.078849,51.516212,On or near Devonshire Square,E01000005,City of London 001E,Theft from the person,Investigation complete; no suspect identified
777,8,2026,-0.075401,51.511164,On or near Supermarket,E01000005,City of London 001E,Theft from the person,Investigation complete; no suspect identified
778,8,2026,-0.075401,51.511164,On or near Supermarket,E01000005,City of London 001E,Theft from the person,Investigation complete; no suspect identified
779,8,2026,-0.074925,51.514924,On or near St Botolph Street,E01000005,City of London 001E,Theft from the person,Investigation complete; no suspect identified
780,8,2026,-0.07433,51.513647,On or near Little Somerset Street,E01000005,City of London 001E,Theft from the person,Investigation complete; no suspect identified
781,8,2026,-0.075401,51.511164,On or near Supermarket,E01000005,City of London 001E,Theft from the person,Investigation complete; no suspect identified
782,8,2026,-0.075401,51.511164,On or near Supermarket,E01000005,City of London 001E,Theft from the person,Investigation complete; no suspect identified
783,8,2026,-0.07433,51.513647,On or near Little Somerset Street,E01000005,City of London 001E,Theft from the person,Investigation complete; no suspect identified
784,8,2026,-0.074925,51.514924,On or near St Botolph Street,E01000005,City of London 001E,Theft from the person,Investigation complete; no suspect identified
785,8,2026,-0.07353,51.510405,On or near Parking Area,E01000005,City of London 001E,Vehicle crime,Under investigation
786,8,2026,-0.073717,51.510084,On or near Shorter Street,E01000005,City of London 001E,Violence and sexual offences,Under investigation
787,8,2026,-0.07433,51.513647,On or near Little Somerset Street,E01000005,City of London 001E,Violence and sexual offences,Investigation complete; no suspect identified
788,8,2026,-0.076145,51.512642,On or near India Street,E01000005,City of London 001E,Violence and sexual offences,Under investigation
789,8,2026,-0.07433,51.513647,On or near Little Somerset Street,E01000005,City of London 001E,Violence and sexual offences,Investigation complete; no suspect identified
790,8,2026,-0.077407,51.516215,On or near Harrow Place,E01000005,City of London 001E,Violence and sexual offences,Unable to prosecute suspect
791,8,2026,-0.07508,51.512625,On or near St Clare Street,E01000005,City of London 001E,Violence and sexual offences,Unable to prosecute suspect
792,8,2026,-0.073456,51.513542,On or near Little Somerset Street,E01000005,City of London 001E,Violence and sexual offences,Under investigation
793,8,2026,-0.07687,51.516647,On or near Middlesex Street,E01000005,City of London 001E,Violence and sexual offences,Under investigation
794,8,2026,-0.073456,51.513542,On or near Little Somerset Street,E01000005,City of London 001E,Violence and sexual offences,Under investigation
795,8,2026,-0.073456,51.513542,On or near Little Somerset Street,E01000005,City of London 001E,Violence and sexual offences,Under investigation
796,8,2026,-0.076425,51.516271,On or near Wentworth Street,E01000005,City of London 001E,Violence and sexual offences,Under investigation
797,8,2026,-0.076425,51.516271,On or near Wentworth Street,E01000005,City of London 001E,Violence and sexual offences,Under investigation
798,8,2026,-0.075922,51.515894,On or near New Goulston Street,E01000005,City of London 001E,Violence and sexual offences,Under investigation
799,8,2026,-0.075401,51.511164,On or near Supermarket,E01000005,City of London 001E,Violence and sexual offences,Under investigation
800,8,2026,-0.07912,51.514912,On or near Bevis Marks,E01032739,City of London 001F,Bicycle theft,Investigation complete; no suspect identified
801,8,2026,-0.081643,51.51007,On or near Great Tower Street,E01032739,City of London 001F,Bicycle theft,Under investigation
802,8,2026,-0.092036,51.511049,On or near College Street,E01032739,City of London 001F,Bicycle theft,Under investigation
803,8,2026,-0.09407,51.513079,On or near Watling Street,E01032739,City of London 001F,Bicycle theft,Investigation complete; no suspect identified
804,8,2026,-0.079907,51.517785,On or near Victoria Avenue,E01032739,City of London 001F,Bicycle theft,Under investigation
805,8,2026,-0.084836,51.511939,On or near Shopping Area,E01032739,City of London 001F,Bicycle theft,Investigation complete; no suspect identified
806,8,2026,-0.101292,51.51477,On or near Amen Court,E01032739,City of London 001F,Bicycle theft,Under investigation
807,8,2026,-0.101906,51.511794,On or near Theatre/Concert Hall,E01032739,City of London 001F,Bicycle theft,Under investigation
808,8,2026,-0.096274,51.511037,On or near Gardners Lane,E01032739,City of London 001F,Bicycle theft,Under investigation
809,8,2026,-0.096274,51.511037,On or near Gardners Lane,E01032739,City of London 001F,Bicycle theft,Under investigation
810,8,2026,-0.079521,51.511196,On or near New London Street,E01032739,City of London 001F,Bicycle theft,Investigation complete; no suspect identified
811,8,2026,-0.079838,51.514267,On or near Bury Street,E01032739,City of London 001F,Bicycle theft,Investigation complete; no suspect identified
812,8,2026,-0.095224,51.513736,On or near Shopping Area,E01032739,City of London 001F,Bicycle theft,Under investigation
813,8,2026,-0.079907,51.517785,On or near Victoria Avenue,E01032739,City of London 001F,Bicycle theft,Investigation complete; no suspect identified
814,8,2026,-0.081113,51.516869,On or near Bishopsgate,E01032739,City of London 001F,Bicycle theft,Investigation complete; no suspect identified
815,8,2026,-0.09141,51.510167,On or near Cousin Lane,E01032739,City of London 001F,Bicycle theft,Investigation complete; no suspect identified
816,8,2026,-0.095054,51.510559,On or near Queenhithe,E01032739,City of London 001F,Bicycle theft,Under investigation
817,8,2026,-0.086019,51.513631,On or near Finch Lane,E01032739,City of London 001F,Bicycle theft,Under investigation
818,8,2026,-0.102732,51.513426,On or near Ludgate Broadway,E01032739,City of London 001F,Bicycle theft,Investigation complete; no suspect identified
819,8,2026,-0.077959,51.511332,On or near Crutched Friars,E01032739,City of London 001F,Burglary,Under investigation
820,8,2026,-0.082993,51.51636,On or near Wormwood Street,E01032739,City of London 001F,Burglary,Under investigation
821,8,2026,-0.101589,51.513515,On or near Ludgate Square,E01032739,City of London 001F,Burglary,Under investigation
822,8,2026,-0.086019,51.513631,On or near Finch Lane,E01032739,City of London 001F,Burglary,Awaiting court outcome
823,8,2026,-0.084844,51.510725,On or near Eastcheap,E01032739,City of London 001F,Burglary,Investigation complete; no suspect identified
824,8,2026,-0.081902,51.517296,On or near Liverpool Street,E01032739,City of London 001F,Burglary,Under investigation
825,8,2026,-0.095224,51.513736,On or near Shopping Area,E01032739,City of London 001F,Burglary,Under investigation
826,8,2026,-0.092531,51.512658,On or near Queen Street,E01032739,City of London 001F,Burglary,Awaiting court outcome
827,8,2026,-0.079196,51.513789,On or near Creechurch Lane,E01032739,City of London 001F,Burglary,Under investigation
828,8,2026,-0.100201,51.513286,On or near Dean'S Court,E01032739,City of London 001F,Burglary,Under investigation
829,8,2026,-0.100201,51.513286,On or near Dean'S Court,E01032739,City of London 001F,Burglary,Under investigation
830,8,2026,-0.078278,51.513666,On or near Mitre Street,E01032739,City of London 001F,Burglary,Under investigation
831,8,2026,-0.082993,51.51636,On or near Wormwood Street,E01032739,City of London 001F,Burglary,Under investigation
832,8,2026,-0.088903,51.510836,On or near Laurence Pountney Hill,E01032739,City of London 001F,Burglary,Investigation complete; no suspect identified
833,8,2026,-0.078755,51.51844,On or near Artillery Lane,E01032739,City of London 001F,Burglary,Under investigation
834,8,2026,-0.078424,51.518093,On or near Widegate Street,E01032739,City of London 001F,Burglary,Under investigation
835,8,2026,-0.086815,51.517007,On or near Circus Place,E01032739,City of London 001F,Burglary,Under investigation
836,8,2026,-0.077959,51.511332,On or near Crutched Friars,E01032739,City of London 001F,Burglary,Unable to prosecute suspect
837,8,2026,-0.081643,51.51007,On or near Great Tower Street,E01032739,City of London 001F,Burglary,Under investigation
838,8,2026,-0.101589,51.513515,On or near Ludgate Square,E01032739,City of London 001F,Burglary,Under investigation
839,8,2026,-0.091823,51.514427,On or near Ironmonger Lane,E01032739,City of London 001F,Burglary,Under investigation
840,8,2026,-0.07912,51.514912,On or near Bevis Marks,E01032739,City of London 001F,Burglary,Under investigation
841,8,2026,-0.085228,51.51119,On or near Talbot Court,E01032739,City of London 001F,Burglary,Awaiting court outcome
842,8,2026,-0.086019,51.513631,On or near Finch Lane,E01032739,City of London 001F,Burglary,Under investigation
843,8,2026,-0.077959,51.511332,On or near Crutched Friars,E01032739,City of London 001F,Burglary,Under investigation
844,8,2026,-0.085228,51.51119,On or near Talbot Court,E01032739,City of London 001F,Burglary,Under investigation
845,8,2026,-0.092531,51.512658,On or near Queen Street,E01032739,City of London 001F,Burglary,Awaiting court outcome
846,8,2026,-0.087157,51.512624,On or near Lombard Street,E01032739,City of London 001F,Burglary,Under investigation
847,8,2026,-0.092531,51.512658,On or near Queen Street,E01032739,City of London 001F,Burglary,Under investigation
848,8,2026,-0.086019,51.513631,On or near Finch Lane,E01032739,City of London 001F,Burglary,Under investigation
849,8,2026,-0.100201,51.513286,On or near Dean'S Court,E01032739,City of London 001F,Burglary,Under investigation
850,8,2026,-0.079196,51.513789,On or near Creechurch Lane,E01032739,City of London 001F,Burglary,Under investigation
851,8,2026,-0.09407,51.513079,On or near Watling Street,E01032739,City of London 001F,Burglary,Under investigation
852,8,2026,-0.081643,51.51007,On or near Great Tower Street,E01032739,City of London 001F,Burglary,Under investigation
853,8,2026,-0.100201,51.513286,On or near Dean'S Court,E01032739,City of London 001F,Burglary,Under investigation
854,8,2026,-0.078495,51.51777,On or near Further/Higher Educational Building,E01032739,City of London 001F,Burglary,Under investigation
855,8,2026,-0.081643,51.51007,On or near Great Tower Street,E01032739,City of London 001F,Burglary,Under investigation
856,8,2026,-0.082993,51.51636,On or near Wormwood Street,E01032739,City of London 001F,Criminal damage and arson,Unable to prosecute suspect
857,8,2026,-0.095054,51.510559,On or near Queenhithe,E01032739,City of London 001F,Criminal damage and arson,Under investigation
858,8,2026,-0.082993,51.51636,On or near Wormwood Street,E01032739,City of London 001F,Criminal damage and arson,Unable to prosecute suspect
859,8,2026,-0.081512,51.518692,On or near London Liverpool Street,E01032739,City of London 001F,Criminal damage and arson,Under investigation
860,8,2026,-0.079883,51.517326,On or near New Street,E01032739,City of London 001F,Criminal damage and arson,Under investigation
861,8,2026,-0.094699,51.51183,On or near Little Trinity Lane,E01032739,City of London 001F,Criminal damage and arson,Unable to prosecute suspect
862,8,2026,-0.082993,51.51636,On or near Wormwood Street,E01032739,City of London 001F,Criminal damage and arson,Under investigation
863,8,2026,-0.096917,51.510823,On or near Broken Wharf,E01032739,City of London 001F,Criminal damage and arson,Under investigation
864,8,2026,-0.104276,51.513712,On or near A201,E01032739,City of London 001F,Drugs,Under investigation
865,8,2026,-0.081902,51.517296,On or near Liverpool Street,E01032739,City of London 001F,Drugs,Under investigation
866,8,2026,-0.078755,51.51844,On or near Artillery Lane,E01032739,City of London 001F,Drugs,Under investigation
867,8,2026,-0.078755,51.51844,On or near Artillery Lane,E01032739,City of London 001F,Drugs,Awaiting court outcome
868,8,2026,-0.078755,51.51844,On or near Artillery Lane,E01032739,City of London 001F,Drugs,Awaiting court outcome
869,8,2026,-0.081902,51.517296,On or near Liverpool Street,E01032739,City of London 001F,Drugs,Formal action is not in the public interest
870,8,2026,-0.079907,51.517785,On or near Victoria Avenue,E01032739,City of London 001F,Drugs,Under investigation
871,8,2026,-0.078755,51.51844,On or near Artillery Lane,E01032739,City of London 001F,Drugs,Local resolution
872,8,2026,-0.079907,51.517785,On or near Victoria Avenue,E01032739,City of London 001F,Drugs,Under investigation
873,8,2026,-0.101906,51.511794,On or near Theatre/Concert Hall,E01032739,City of London 001F,Drugs,Local resolution
874,8,2026,-0.085089,51.512105,On or near Gracechurch Street,E01032739,City of London 001F,Drugs,Local resolution
875,8,2026,-0.081113,51.516869,On or near Bishopsgate,E01032739,City of London 001F,Drugs,Under investigation
876,8,2026,-0.096917,51.510823,On or near Broken Wharf,E01032739,City of London 001F,Other theft,Investigation complete; no suspect identified
877,8,2026,-0.078477,51.509965,On or near Muscovy Street,E01032739,City of London 001F,Other theft,Under investigation
878,8,2026,-0.084754,51.512882,On or near Corbet Court,E01032739,City of London 001F,Other theft,Under investigation
879,8,2026,-0.090578,51.509722,On or near Allhallows Lane,E01032739,City of London 001F,Other theft,Under investigation
880,8,2026,-0.079138,51.508312,On or near Lower Thames Street,E01032739,City of London 001F,Other theft,Under investigation
881,8,2026,-0.095924,51.513882,On or near Shopping Area,E01032739,City of London 001F,Other theft,Under investigation
882,8,2026,-0.083349,51.51483,On or near Shopping Area,E01032739,City of London 001F,Other theft,Under investigation
883,8,2026,-0.081902,51.517296,On or near Liverpool Street,E01032739,City of London 001F,Other theft,Under investigation
884,8,2026,-0.084754,51.512882,On or near Corbet Court,E01032739,City of London 001F,Other theft,Investigation complete; no suspect identified
885,8,2026,-0.077959,51.511332,On or near Crutched Friars,E01032739,City of London 001F,Other theft,Under investigation
886,8,2026,-0.09407,51.513079,On or near Watling Street,E01032739,City of London 001F,Other theft,Under investigation
887,8,2026,-0.104276,51.513712,On or near A201,E01032739,City of London 001F,Other theft,Under investigation
888,8,2026,-0.088785,51.517102,On or near Moorgate,E01032739,City of London 001F,Other theft,Under investigation
889,8,2026,-0.086019,51.513631,On or near Finch Lane,E01032739,City of London 001F,Other theft,Under investigation
890,8,2026,-0.089822,51.516103,On or near Coleman Street,E01032739,City of London 001F,Other theft,Under investigation
891,8,2026,-0.084754,51.512882,On or near Corbet Court,E01032739,City of London 001F,Other theft,Under investigation
892,8,2026,-0.086019,51.513631,On or near Finch Lane,E01032739,City of London 001F,Other theft,Under investigation
893,8,2026,-0.07707,51.510877,On or near Cooper'S Row,E01032739,City of London 001F,Other theft,Under investigation
894,8,2026,-0.084836,51.511939,On or near Shopping Area,E01032739,City of London 001F,Other theft,Under investigation
895,8,2026,-0.084836,51.511939,On or near Shopping Area,E01032739,City of London 001F,Other theft,Under investigation
896,8,2026,-0.083349,51.51483,On or near Shopping Area,E01032739,City of London 001F,Other theft,Under investigation
897,8,2026,-0.092531,51.512658,On or near Queen Street,E01032739,City of London 001F,Other theft,Under investigation
898,8,2026,-0.087772,51.510665,On or near Martin Lane,E01032739,City of London 001F,Other theft,Under investigation
899,8,2026,-0.081643,51.51007,On or near Great Tower Street,E01032739,City of London 001F,Other theft,Under investigation
900,8,2026,-0.09407,51.513079,On or near Watling Street,E01032739,City of London 001F,Other theft,Under investigation
901,8,2026,-0.087772,51.510665,On or near Martin Lane,E01032739,City of London 001F,Other theft,Under investigation
902,8,2026,-0.089208,51.509744,On or near Angel Lane,E01032739,City of London 001F,Other theft,Under investigation
903,8,2026,-0.084754,51.512882,On or near Corbet Court,E01032739,City of London 001F,Other theft,Under investigation
904,8,2026,-0.081512,51.518692,On or near London Liverpool Street,E01032739,City of London 001F,Other theft,Under investigation
905,8,2026,-0.082993,51.51636,On or near Wormwood Street,E01032739,City of London 001F,Other theft,Under investigation
906,8,2026,-0.085228,51.51119,On or near Talbot Court,E01032739,City of London 001F,Other theft,Under investigation
907,8,2026,-0.079138,51.508312,On or near Lower Thames Street,E01032739,City of London 001F,Other theft,Under investigation
908,8,2026,-0.09407,51.513079,On or near Watling Street,E01032739,City of London 001F,Other theft,Investigation complete; no suspect identified
909,8,2026,-0.088303,51.510728,On or near Laurence Pountney Lane,E01032739,City of London 001F,Other theft,Under investigation
910,8,2026,-0.088785,51.517102,On or near Moorgate,E01032739,City of London 001F,Other theft,Under investigation
911,8,2026,-0.095224,51.513736,On or near Shopping Area,E01032739,City of London 001F,Other theft,Under investigation
912,8,2026,-0.101475,51.511077,On or near A3211,E01032739,City of London 001F,Other theft,Under investigation
913,8,2026,-0.079138,51.508312,On or near Lower Thames Street,E01032739,City of London 001F,Other theft,Under investigation
914,8,2026,-0.079138,51.508312,On or near Lower Thames Street,E01032739,City of London 001F,Other theft,Under investigation
915,8,2026,-0.084844,51.510725,On or near Eastcheap,E01032739,City of London 001F,Other theft,Under investigation
916,8,2026,-0.090578,51.509722,On or near Allhallows Lane,E01032739,City of London 001F,Other theft,Under investigation
917,8,2026,-0.086019,51.513631,On or near Finch Lane,E01032739,City of London 001F,Other theft,Under investigation
918,8,2026,-0.085228,51.51119,On or near Talbot Court,E01032739,City of London 001F,Other theft,Under investigation
919,8,2026,-0.081643,51.51007,On or near Great Tower Street,E01032739,City of London 001F,Other theft,Under investigation
920,8,2026,-0.095924,51.513882,On or near Shopping Area,E01032739,City of London 001F,Other theft,Under investigation
921,8,2026,-0.078059,51.509967,On or near Trinity Square,E01032739,City of London 001F,Other theft,Under investigation
922,8,2026,-0.078059,51.509967,On or near Trinity Square,E01032739,City of London 001F,Other theft,Under investigation
923,8,2026,-0.096917,51.510823,On or near Broken Wharf,E01032739,City of London 001F,Other theft,Under investigation
924,8,2026,-0.084844,51.510725,On or near Eastcheap,E01032739,City of London 001F,Other theft,Under investigation
925,8,2026,-0.084844,51.510725,On or near Eastcheap,E01032739,City of London 001F,Other theft,Under investigation
926,8,2026,-0.088456,51.514975,On or near Tokenhouse Yard,E01032739,City of London 001F,Other theft,Under investigation
927,8,2026,-0.101589,51.513515,On or near Ludgate Square,E01032739,City of London 001F,Other theft,Under investigation
928,8,2026,-0.086815,51.517007,On or near Circus Place,E01032739,City of London 001F,Other theft,Under investigation
929,8,2026,-0.084754,51.512882,On or near Corbet Court,E01032739,City of London 001F,Other theft,Under investigation
930,8,2026,-0.081512,51.518692,On or near London Liverpool Street,E01032739,City of London 001F,Other theft,Under investigation
931,8,2026,-0.083977,51.510441,On or near Lovat Lane,E01032739,City of London 001F,Other theft,Under investigation
932,8,2026,-0.104276,51.513712,On or near A201,E01032739,City of London 001F,Other theft,Under investigation
933,8,2026,-0.087772,51.510665,On or near Martin Lane,E01032739,City of London 001F,Other theft,Under investigation
934,8,2026,-0.097291,51.514626,On or near Supermarket,E01032739,City of London 001F,Other theft,Under investigation
935,8,2026,-0.083977,51.510441,On or near Lovat Lane,E01032739,City of London 001F,Other theft,Under investigation
936,8,2026,-0.079838,51.514267,On or near Bury Street,E01032739,City of London 001F,Other theft,Under investigation
937,8,2026,-0.089208,51.509744,On or near Angel Lane,E01032739,City of London 001F,Other theft,Investigation complete; no suspect identified
938,8,2026,-0.081512,51.518692,On or near London Liverpool Street,E01032739,City of London 001F,Other theft,Under investigation
939,8,2026,-0.086815,51.517007,On or near Circus Place,E01032739,City of London 001F,Other theft,Under investigation
940,8,2026,-0.079521,51.511196,On or near New London Street,E01032739,City of London 001F,Other theft,Under investigation
941,8,2026,-0.091947,51.513188,On or near Pancras Lane,E01032739,City of London 001F,Other theft,Under investigation
942,8,2026,-0.084844,51.510725,On or near Eastcheap,E01032739,City of London 001F,Other theft,Under investigation
943,8,2026,-0.097291,51.514626,On or near Supermarket,E01032739,City of London 001F,Other theft,Under investigation
944,8,2026,-0.079883,51.517326,On or near New Street,E01032739,City of London 001F,Other theft,Under investigation
945,8,2026,-0.092531,51.512658,On or near Queen Street,E01032739,City of London 001F,Other theft,Under investigation
946,8,2026,-0.079138,51.508312,On or near Lower Thames Street,E01032739,City of London 001F,Other theft,Under investigation
947,8,2026,-0.092531,51.512658,On or near Queen Street,E01032739,City of London 001F,Other theft,Under investigation
948,8,2026,-0.081902,51.517296,On or near Liverpool Street,E01032739,City of London 001F,Other theft,Under investigation
949,8,2026,-0.085228,51.51119,On or near Talbot Court,E01032739,City of London 001F,Other theft,Under investigation
950,8,2026,-0.089208,51.509744,On or near Angel Lane,E01032739,City of London 001F,Other theft,Under investigation
951,8,2026,-0.078278,51.513666,On or near Mitre Street,E01032739,City of London 001F,Other theft,Under investigation
952,8,2026,-0.080365,51.508943,On or near Parking Area,E01032739,City of London 001F,Other theft,Under investigation
953,8,2026,-0.079138,51.508312,On or near Lower Thames Street,E01032739,City of London 001F,Other theft,Under investigation
954,8,2026,-0.085089,51.512105,On or near Gracechurch Street,E01032739,City of London 001F,Other theft,Under investigation
955,8,2026,-0.0949,51.513209,On or near Bread Street,E01032739,City of London 001F,Other theft,Under investigation
956,8,2026,-0.085228,51.51119,On or near Talbot Court,E01032739,City of London 001F,Other theft,Under investigation
957,8,2026,-0.0949,51.513209,On or near Bread Street,E01032739,City of London 001F,Other theft,Investigation complete; no suspect identified
958,8,2026,-0.079883,51.517326,On or near New Street,E01032739,City of London 001F,Other theft,Investigation complete; no suspect identified
959,8,2026,-0.081512,51.518692,On or near London Liverpool Street,E01032739,City of London 001F,Other theft,Investigation complete; no suspect identified
960,8,2026,-0.079907,51.517785,On or near Victoria Avenue,E01032739,City of London 001F,Other theft,Investigation complete; no suspect identified
961,8,2026,-0.100888,51.514448,On or near Amen Corner,E01032739,City of London 001F,Other theft,Investigation complete; no suspect identified
962,8,2026,-0.089479,51.510864,On or near Gophir Lane,E01032739,City of London 001F,Other theft,Investigation complete; no suspect identified
963,8,2026,-0.083349,51.51483,On or near Shopping Area,E01032739,City of London 001F,Other theft,Investigation complete; no suspect identified
964,8,2026,-0.080365,51.508943,On or near Parking Area,E01032739,City of London 001F,Other theft,Investigation complete; no suspect identified
965,8,2026,-0.093339,51.511557,On or near Conference/Exhibition Centre,E01032739,City of London 001F,Other theft,Unable to prosecute suspect
966,8,2026,-0.087772,51.510665,On or near Martin Lane,E01032739,City of London 001F,Other theft,Investigation complete; no suspect identified
967,8,2026,-0.078477,51.509965,On or near Muscovy Street,E01032739,City of London 001F,Other theft,Unable to prosecute suspect
968,8,2026,-0.096917,51.510823,On or near Broken Wharf,E01032739,City of London 001F,Other theft,Investigation complete; no suspect identified
969,8,2026,-0.095924,51.513882,On or near Shopping Area,E01032739,City of London 001F,Other theft,Investigation complete; no suspect identified
970,8,2026,-0.079138,51.508312,On or near Lower Thames Street,E01032739,City of London 001F,Other theft,Investigation complete; no suspect identified
971,8,2026,-0.083977,51.510441,On or near Lovat Lane,E01032739,City of London 001F,Other theft,Investigation complete; no suspect identified
972,8,2026,-0.104276,51.513712,On or near A201,E01032739,City of London 001F,Other theft,Investigation complete; no suspect identified
973,8,2026,-0.081113,51.516869,On or near Bishopsgate,E01032739,City of London 001F,Other theft,Investigation complete; no suspect identified
974,8,2026,-0.078477,51.509965,On or near Muscovy Street,E01032739,City of London 001F,Other theft,Investigation complete; no suspect identified
975,8,2026,-0.081512,51.518692,On or near London Liverpool Street,E01032739,City of London 001F,Other theft,Unable to prosecute suspect
976,8,2026,-0.081643,51.51007,On or near Great Tower Street,E01032739,City of London 001F,Other theft,Investigation complete; no suspect identified
977,8,2026,-0.081512,51.518692,On or near London Liverpool Street,E01032739,City of London 001F,Other theft,Investigation complete; no suspect identified
978,8,2026,-0.101589,51.513515,On or near Ludgate Square,E01032739,City of London 001F,Other theft,Investigation complete; no suspect identified
979,8,2026,-0.090578,51.509722,On or near Allhallows Lane,E01032739,City of London 001F,Other theft,Investigation complete; no suspect identified
980,8,2026,-0.081902,51.517296,On or near Liverpool Street,E01032739,City of London 001F,Other theft,Investigation complete; no suspect identified
981,8,2026,-0.079521,51.511196,On or near New London Street,E01032739,City of London 001F,Other theft,Investigation complete; no suspect identified
982,8,2026,-0.087744,51.516492,On or near Copthall Avenue,E01032739,City of London 001F,Other theft,Investigation complete; no suspect identified
983,8,2026,-0.104276,51.513712,On or near A201,E01032739,City of London 001F,Other theft,Investigation complete; no suspect identified
984,8,2026,-0.081902,51.517296,On or near Liverpool Street,E01032739,City of London 001F,Other theft,Investigation complete; no suspect identified
985,8,2026,-0.104276,51.513712,On or near A201,E01032739,City of London 001F,Other theft,Unable to prosecute suspect
986,8,2026,-0.079907,51.517785,On or near Victoria Avenue,E01032739,City of London 001F,Other theft,Investigation complete; no suspect identified
987,8,2026,-0.087772,51.510665,On or near Martin Lane,E01032739,City of London 001F,Other theft,Investigation complete; no suspect identified
988,8,2026,-0.083349,51.51483,On or near Shopping Area,E01032739,City of London 001F,Other theft,Investigation complete; no suspect identified
989,8,2026,-0.101589,51.513515,On or near Ludgate Square,E01032739,City of London 001F,Other theft,Investigation complete; no suspect identified
990,8,2026,-0.09407,51.513079,On or near Watling Street,E01032739,City of London 001F,Other theft,Investigation complete; no suspect identified
991,8,2026,-0.092531,51.512658,On or near Queen Street,E01032739,City of London 001F,Other theft,Investigation complete; no suspect identified
992,8,2026,-0.101292,51.51477,On or near Amen Court,E01032739,City of London 001F,Other theft,Investigation complete; no suspect identified
993,8,2026,-0.088785,51.517102,On or near Moorgate,E01032739,City of London 001F,Other theft,Investigation complete; no suspect identified
994,8,2026,-0.079907,51.517785,On or near Victoria Avenue,E01032739,City of London 001F,Other theft,Investigation complete; no suspect identified
995,8,2026,-0.079883,51.517326,On or near New Street,E01032739,City of London 001F,Other theft,Investigation complete; no suspect identified
996,8,2026,-0.092531,51.512658,On or near Queen Street,E01032739,City of London 001F,Other theft,Investigation complete; no suspect identified
997,8,2026,-0.097291,51.514626,On or near Supermarket,E01032739,City of London 001F,Other theft,Investigation complete; no suspect identified
998,8,2026,-0.08491,51.512588,On or near Bell Inn Yard,E01032739,City of London 001F,Other theft,Investigation complete; no suspect identified
999,8,2026,-0.084754,51.512882,On or near Corbet Court,E01032739,City of London 001F,Other theft,Investigation complete; no suspect identified
1000,8,2026,-0.084844,51.5097,On or near Monument Street,E01032739,City of London 001F,Other theft,Investigation complete; no suspect identified
1001,8,2026,-0.078278,51.513666,On or near Mitre Street,E01032739,City of London 001F,Other theft,Awaiting court outcome
1002,8,2026,-0.085228,51.51119,On or near Talbot Court,E01032739,City of London 001F,Other theft,Investigation complete; no suspect identified
1003,8,2026,-0.100888,51.514448,On or near Amen Corner,E01032739,City of London 001F,Other theft,Investigation complete; no suspect identified
1004,8,2026,-0.078894,51.520951,On or near Norton Folgate,E01032739,City of London 001F,Other theft,Investigation complete; no suspect identified
1005,8,2026,-0.083349,51.51483,On or near Shopping Area,E01032739,City of London 001F,Other theft,Investigation complete; no suspect identified
1006,8,2026,-0.081643,51.51007,On or near Great Tower Street,E01032739,City of London 001F,Other theft,Investigation complete; no suspect identified
1007,8,2026,-0.081091,51.50882,On or near Water Lane,E01032739,City of London 001F,Other theft,Investigation complete; no suspect identified
1008,8,2026,-0.077959,51.511332,On or near Crutched Friars,E01032739,City of London 001F,Other theft,Unable to prosecute suspect
1009,8,2026,-0.081902,51.517296,On or near Liverpool Street,E01032739,City of London 001F,Other theft,Investigation complete; no suspect identified
1010,8,2026,-0.081512,51.518692,On or near London Liverpool Street,E01032739,City of London 001F,Other theft,Investigation complete; no suspect identified
1011,8,2026,-0.084836,51.511939,On or near Shopping Area,E01032739,City of London 001F,Other theft,Investigation complete; no suspect identified
1012,8,2026,-0.078755,51.51844,On or near Artillery Lane,E01032739,City of London 001F,Possession of weapons,Awaiting court outcome
1013,8,2026,-0.078755,51.51844,On or near Artillery Lane,E01032739,City of London 001F,Possession of weapons,Awaiting court outcome
1014,8,2026,-0.095764,51.512549,On or near Friday Street,E01032739,City of London 001F,Possession of weapons,Under investigation
1015,8,2026,-0.084754,51.512882,On or near Corbet Court,E01032739,City of London 001F,Public order,Unable to prosecute suspect
1016,8,2026,-0.081113,51.516869,On or near Bishopsgate,E01032739,City of London 001F,Public order,Under investigation
1017,8,2026,-0.082993,51.51636,On or near Wormwood Street,E01032739,City of London 001F,Public order,Unable to prosecute suspect
1018,8,2026,-0.081512,51.518692,On or near London Liverpool Street,E01032739,City of London 001F,Public order,Investigation complete; no suspect identified
1019,8,2026,-0.095224,51.513736,On or near Shopping Area,E01032739,City of London 001F,Public order,Under investigation
1020,8,2026,-0.081113,51.516869,On or near Bishopsgate,E01032739,City of London 001F,Public order,Awaiting court outcome
1021,8,2026,-0.087772,51.510665,On or near Martin Lane,E01032739,City of London 001F,Public order,Under investigation
1022,8,2026,-0.102272,51.511656,On or near Puddle Dock,E01032739,City of London 001F,Public order,Awaiting court outcome
1023,8,2026,-0.100201,51.513286,On or near Dean'S Court,E01032739,City of London 001F,Public order,Under investigation
1024,8,2026,-0.084844,51.5097,On or near Monument Street,E01032739,City of London 001F,Public order,Under investigation
1025,8,2026,-0.089479,51.510864,On or near Gophir Lane,E01032739,City of London 001F,Public order,Awaiting court outcome
1026,8,2026,-0.081113,51.516869,On or near Bishopsgate,E01032739,City of London 001F,Public order,Under investigation
1027,8,2026,-0.079883,51.517326,On or near New Street,E01032739,City of London 001F,Public order,Under investigation
1028,8,2026,-0.100888,51.514448,On or near Amen Corner,E01032739,City of London 001F,Public order,Unable to prosecute suspect
1029,8,2026,-0.082993,51.51636,On or near Wormwood Street,E01032739,City of London 001F,Public order,Under investigation
1030,8,2026,-0.078495,51.51777,On or near Further/Higher Educational Building,E01032739,City of London 001F,Public order,Unable to prosecute suspect
1031,8,2026,-0.086019,51.513631,On or near Finch Lane,E01032739,City of London 001F,Public order,Awaiting court outcome
1032,8,2026,-0.079907,51.517785,On or near Victoria Avenue,E01032739,City of London 001F,Public order,Under investigation
1033,8,2026,-0.083349,51.51483,On or near Shopping Area,E01032739,City of London 001F,Public order,Under investigation
1034,8,2026,-0.102272,51.511656,On or near Puddle Dock,E01032739,City of London 001F,Public order,Under investigation
1035,8,2026,-0.082993,51.51636,On or near Wormwood Street,E01032739,City of London 001F,Public order,Under investigation
1036,8,2026,-0.101906,51.511794,On or near Theatre/Concert Hall,E01032739,City of London 001F,Public order,Unable to prosecute suspect
1037,8,2026,-0.078755,51.51844,On or near Artillery Lane,E01032739,City of London 001F,Public order,Under investigation
1038,8,2026,-0.084844,51.510725,On or near Eastcheap,E01032739,City of London 001F,Public order,Investigation complete; no suspect identified
1039,8,2026,-0.086815,51.517007,On or near Circus Place,E01032739,City of London 001F,Public order,Awaiting court outcome
1040,8,2026,-0.086019,51.513631,On or near Finch Lane,E01032739,City of London 001F,Public order,Under investigation
1041,8,2026,-0.081113,51.516869,On or near Bishopsgate,E01032739,City of London 001F,Public order,Under investigation
1042,8,2026,-0.084836,51.511939,On or near Shopping Area,E01032739,City of London 001F,Public order,Under investigation
1043,8,2026,-0.079138,51.508312,On or near Lower Thames Street,E01032739,City of London 001F,Public order,Unable to prosecute suspect
1044,8,2026,-0.084754,51.512882,On or near Corbet Court,E01032739,City of London 001F,Public order,Unable to prosecute suspect
1045,8,2026,-0.082993,51.51636,On or near Wormwood Street,E01032739,City of London 001F,Public order,Under investigation
1046,8,2026,-0.092531,51.512658,On or near Queen Street,E01032739,City of London 001F,Public order,Unable to prosecute suspect
1047,8,2026,-0.081902,51.517296,On or near Liverpool Street,E01032739,City of London 001F,Public order,Unable to prosecute suspect
1048,8,2026,-0.079521,51.511196,On or near New London Street,E01032739,City of London 001F,Public order,Under investigation
1049,8,2026,-0.087772,51.510665,On or near Martin Lane,E01032739,City of London 001F,Public order,Unable to prosecute suspect
1050,8,2026,-0.081113,51.516869,On or near Bishopsgate,E01032739,City of London 001F,Robbery,Under investigation
1051,8,2026,-0.100888,51.514448,On or near Amen Corner,E01032739,City of London 001F,Robbery,Under investigation
1052,8,2026,-0.095224,51.513736,On or near Shopping Area,E01032739,City of London 001F,Robbery,Under investigation
1053,8,2026,-0.079883,51.517326,On or near New Street,E01032739,City of London 001F,Robbery,Awaiting court outcome
1054,8,2026,-0.086815,51.517007,On or near Circus Place,E01032739,City of London 001F,Robbery,Under investigation
1055,8,2026,-0.087157,51.512624,On or near Lombard Street,E01032739,City of London 001F,Robbery,Under investigation
1056,8,2026,-0.095224,51.513736,On or near Shopping Area,E01032739,City of London 001F,Robbery,Investigation complete; no suspect identified
1057,8,2026,-0.086815,51.517007,On or near Circus Place,E01032739,City of London 001F,Robbery,Under investigation
1058,8,2026,-0.09154,51.511896,On or near Cannon Street,E01032739,City of London 001F,Robbery,Under investigation
1059,8,2026,-0.086019,51.513631,On or near Finch Lane,E01032739,City of London 001F,Robbery,Unable to prosecute suspect
1060,8,2026,-0.100201,51.513286,On or near Dean'S Court,E01032739,City of London 001F,Robbery,Under investigation
1061,8,2026,-0.089208,51.509744,On or near Angel Lane,E01032739,City of London 001F,Robbery,Under investigation
1062,8,2026,-0.078278,51.513666,On or near Mitre Street,E01032739,City of London 001F,Robbery,Under investigation
1063,8,2026,-0.081902,51.517296,On or near Liverpool Street,E01032739,City of London 001F,Robbery,Under investigation
1064,8,2026,-0.078278,51.513666,On or near Mitre Street,E01032739,City of London 001F,Robbery,Awaiting court outcome
1065,8,2026,-0.086815,51.517007,On or near Circus Place,E01032739,City of London 001F,Shoplifting,Under investigation
1066,8,2026,-0.086815,51.517007,On or near Circus Place,E01032739,City of London 001F,Shoplifting,Under investigation
1067,8,2026,-0.091947,51.513188,On or near Pancras Lane,E01032739,City of London 001F,Shoplifting,Under investigation
1068,8,2026,-0.079907,51.517785,On or near Victoria Avenue,E01032739,City of London 001F,Shoplifting,Under investigation
1069,8,2026,-0.086815,51.517007,On or near Circus Place,E01032739,City of London 001F,Shoplifting,Under investigation
1070,8,2026,-0.091947,51.513188,On or near Pancras Lane,E01032739,City of London 001F,Shoplifting,Under investigation
1071,8,2026,-0.095924,51.513882,On or near Shopping Area,E01032739,City of London 001F,Shoplifting,Under investigation
1072,8,2026,-0.086815,51.517007,On or near Circus Place,E01032739,City of London 001F,Shoplifting,Under investigation
1073,8,2026,-0.089479,51.510864,On or near Gophir Lane,E01032739,City of London 001F,Shoplifting,Under investigation
1074,8,2026,-0.097291,51.514626,On or near Supermarket,E01032739,City of London 001F,Shoplifting,Awaiting court outcome
1075,8,2026,-0.095924,51.513882,On or near Shopping Area,E01032739,City of London 001F,Shoplifting,Under investigation
1076,8,2026,-0.091947,51.513188,On or near Pancras Lane,E01032739,City of London 001F,Shoplifting,Under investigation
1077,8,2026,-0.097291,51.514626,On or near Supermarket,E01032739,City of London 001F,Shoplifting,Under investigation
1078,8,2026,-0.097291,51.514626,On or near Supermarket,E01032739,City of London 001F,Shoplifting,Under investigation
1079,8,2026,-0.091823,51.514427,On or near Ironmonger Lane,E01032739,City of London 001F,Shoplifting,Investigation complete; no suspect identified
1080,8,2026,-0.079883,51.517326,On or near New Street,E01032739,City of London 001F,Shoplifting,Under investigation
1081,8,2026,-0.081512,51.518692,On or near London Liverpool Street,E01032739,City of London 001F,Shoplifting,Unable to prosecute suspect
1082,8,2026,-0.095924,51.513882,On or near Shopping Area,E01032739,City of London 001F,Shoplifting,Under investigation
1083,8,2026,-0.086815,51.517007,On or near Circus Place,E01032739,City of London 001F,Shoplifting,Under investigation
1084,8,2026,-0.091947,51.513188,On or near Pancras Lane,E01032739,City of London 001F,Shoplifting,Under investigation
1085,8,2026,-0.091947,51.513188,On or near Pancras Lane,E01032739,City of London 001F,Shoplifting,Under investigation
1086,8,2026,-0.088785,51.517102,On or near Moorgate,E01032739,City of London 001F,Shoplifting,Unable to prosecute suspect
1087,8,2026,-0.086815,51.517007,On or near Circus Place,E01032739,City of London 001F,Shoplifting,Awaiting court outcome
1088,8,2026,-0.097291,51.514626,On or near Supermarket,E01032739,City of London 001F,Shoplifting,Under investigation
1089,8,2026,-0.078278,51.513666,On or near Mitre Street,E01032739,City of London 001F,Shoplifting,Unable to prosecute suspect
1090,8,2026,-0.091947,51.513188,On or near Pancras Lane,E01032739,City of London 001F,Shoplifting,Investigation complete; no suspect identified
1091,8,2026,-0.086815,51.517007,On or near Circus Place,E01032739,City of London 001F,Shoplifting,Under investigation
1092,8,2026,-0.095224,51.513736,On or near Shopping Area,E01032739,City of London 001F,Shoplifting,Under investigation
1093,8,2026,-0.095224,51.513736,On or near Shopping Area,E01032739,City of London 001F,Shoplifting,Under investigation
1094,8,2026,-0.096501,51.513874,On or near New Change,E01032739,City of London 001F,Shoplifting,Investigation complete; no suspect identified
1095,8,2026,-0.079907,51.517785,On or near Victoria Avenue,E01032739,City of London 001F,Shoplifting,Under investigation
1096,8,2026,-0.095224,51.513736,On or near Shopping Area,E01032739,City of London 001F,Shoplifting,Under investigation
1097,8,2026,-0.091823,51.514427,On or near Ironmonger Lane,E01032739,City of London 001F,Shoplifting,Under investigation
1098,8,2026,-0.095924,51.513882,On or near Shopping Area,E01032739,City of London 001F,Shoplifting,Under investigation
1099,8,2026,-0.081512,51.518692,On or near London Liverpool Street,E01032739,City of London 001F,Shoplifting,Under investigation
1100,8,2026,-0.078278,51.513666,On or near Mitre Street,E01032739,City of London 001F,Shoplifting,Under investigation
1101,8,2026,-0.079883,51.517326,On or near New Street,E01032739,City of London 001F,Shoplifting,Under investigation
1102,8,2026,-0.097291,51.514626,On or near Supermarket,E01032739,City of London 001F,Shoplifting,Under investigation
1103,8,2026,-0.081902,51.517296,On or near Liverpool Street,E01032739,City of London 001F,Shoplifting,Under investigation
1104,8,2026,-0.079883,51.517326,On or near New Street,E01032739,City of London 001F,Shoplifting,Under investigation
1105,8,2026,-0.091823,51.514427,On or near Ironmonger Lane,E01032739,City of London 001F,Shoplifting,Investigation complete; no suspect identified
1106,8,2026,-0.086815,51.517007,On or near Circus Place,E01032739,City of London 001F,Shoplifting,Under investigation
1107,8,2026,-0.078278,51.513666,On or near Mitre Street,E01032739,City of London 001F,Shoplifting,Under investigation
1108,8,2026,-0.086815,51.517007,On or near Circus Place,E01032739,City of London 001F,Shoplifting,Unable to prosecute suspect
1109,8,2026,-0.081512,51.518692,On or near London Liverpool Street,E01032739,City of London 001F,Shoplifting,Under investigation
1110,8,2026,-0.079883,51.517326,On or near New Street,E01032739,City of London 001F,Shoplifting,Investigation complete; no suspect identified
1111,8,2026,-0.086019,51.513631,On or near Finch Lane,E01032739,City of London 001F,Shoplifting,Investigation complete; no suspect identified
1112,8,2026,-0.097291,51.514626,On or near Supermarket,E01032739,City of London 001F,Shoplifting,Under investigation
1113,8,2026,-0.078278,51.513666,On or near Mitre Street,E01032739,City of London 001F,Shoplifting,Unable to prosecute suspect
1114,8,2026,-0.086019,51.513631,On or near Finch Lane,E01032739,City of London 001F,Shoplifting,Under investigation
1115,8,2026,-0.085089,51.512105,On or near Gracechurch Street,E01032739,City of London 001F,Shoplifting,Under investigation
1116,8,2026,-0.079521,51.511196,On or near New London Street,E01032739,City of London 001F,Shoplifting,Under investigation
1117,8,2026,-0.086815,51.517007,On or near Circus Place,E01032739,City of London 001F,Shoplifting,Under investigation
1118,8,2026,-0.091823,51.514427,On or near Ironmonger Lane,E01032739,City of London 001F,Shoplifting,Under investigation
1119,8,2026,-0.09407,51.513079,On or near Watling Street,E01032739,City of London 001F,Shoplifting,Under investigation
1120,8,2026,-0.095224,51.513736,On or near Shopping Area,E01032739,City of London 001F,Shoplifting,Under investigation
1121,8,2026,-0.079883,51.517326,On or near New Street,E01032739,City of London 001F,Shoplifting,Unable to prosecute suspect
1122,8,2026,-0.086815,51.517007,On or near Circus Place,E01032739,City of London 001F,Shoplifting,Awaiting court outcome
1123,8,2026,-0.086815,51.517007,On or near Circus Place,E01032739,City of London 001F,Shoplifting,Under investigation
1124,8,2026,-0.095924,51.513882,On or near Shopping Area,E01032739,City of London 001F,Shoplifting,Under investigation
1125,8,2026,-0.079883,51.517326,On or near New Street,E01032739,City of London 001F,Shoplifting,Under investigation
1126,8,2026,-0.081902,51.517296,On or near Liverpool Street,E01032739,City of London 001F,Shoplifting,Under investigation
1127,8,2026,-0.095054,51.510559,On or near Queenhithe,E01032739,City of London 001F,Theft from the person,Investigation complete; no suspect identified
1128,8,2026,-0.081113,51.516869,On or near Bishopsgate,E01032739,City of London 001F,Theft from the person,Investigation complete; no suspect identified
1129,8,2026,-0.081973,51.515948,On or near A10,E01032739,City of London 001F,Theft from the person,Investigation complete; no suspect identified
1130,8,2026,-0.081113,51.516869,On or near Bishopsgate,E01032739,City of London 001F,Theft from the person,Investigation complete; no suspect identified
1131,8,2026,-0.084754,51.512882,On or near Corbet Court,E01032739,City of London 001F,Theft from the person,Investigation complete; no suspect identified
1132,8,2026,-0.081113,51.516869,On or near Bishopsgate,E01032739,City of London 001F,Theft from the person,Under investigation
1133,8,2026,-0.089208,51.509744,On or near Angel Lane,E01032739,City of London 001F,Theft from the person,Under investigation
1134,8,2026,-0.102272,51.511656,On or near Puddle Dock,E01032739,City of London 001F,Theft from the person,Investigation complete; no suspect identified
1135,8,2026,-0.101963,51.510761,On or near Ferry Terminal,E01032739,City of London 001F,Theft from the person,Investigation complete; no suspect identified
1136,8,2026,-0.084844,51.5097,On or near Monument Street,E01032739,City of London 001F,Theft from the person,Investigation complete; no suspect identified
1137,8,2026,-0.085228,51.51119,On or near Talbot Court,E01032739,City of London 001F,Theft from the person,Investigation complete; no suspect identified
1138,8,2026,-0.081512,51.518692,On or near London Liverpool Street,E01032739,City of London 001F,Theft from the person,Investigation complete; no suspect identified
1139,8,2026,-0.092531,51.512658,On or near Queen Street,E01032739,City of London 001F,Theft from the person,Investigation complete; no suspect identified
1140,8,2026,-0.091947,51.513188,On or near Pancras Lane,E01032739,City of London 001F,Theft from the person,Investigation complete; no suspect identified
1141,8,2026,-0.078278,51.513666,On or near Mitre Street,E01032739,City of London 001F,Theft from the person,Under investigation
1142,8,2026,-0.077372,51.51259,On or near Carlisle Avenue,E01032739,City of London 001F,Theft from the person,Investigation complete; no suspect identified
1143,8,2026,-0.081113,51.516869,On or near Bishopsgate,E01032739,City of London 001F,Theft from the person,Investigation complete; no suspect identified
1144,8,2026,-0.082993,51.51636,On or near Wormwood Street,E01032739,City of London 001F,Theft from the person,Under investigation
1145,8,2026,-0.104276,51.513712,On or near A201,E01032739,City of London 001F,Theft from the person,Investigation complete; no suspect identified
1146,8,2026,-0.104276,51.513712,On or near A201,E01032739,City of London 001F,Theft from the person,Investigation complete; no suspect identified
1147,8,2026,-0.101906,51.511794,On or near Theatre/Concert Hall,E01032739,City of London 001F,Theft from the person,Investigation complete; no suspect identified
1148,8,2026,-0.101906,51.511794,On or near Theatre/Concert Hall,E01032739,City of London 001F,Theft from the person,Investigation complete; no suspect identified
1149,8,2026,-0.079907,51.517785,On or near Victoria Avenue,E01032739,City of London 001F,Theft from the person,Under investigation
1150,8,2026,-0.09154,51.511896,On or near Cannon Street,E01032739,City of London 001F,Theft from the person,Under investigation
1151,8,2026,-0.09154,51.511896,On or near Cannon Street,E01032739,City of London 001F,Theft from the person,Investigation complete; no suspect identified
1152,8,2026,-0.104276,51.513712,On or near A201,E01032739,City of London 001F,Theft from the person,Investigation complete; no suspect identified
1153,8,2026,-0.088785,51.517102,On or near Moorgate,E01032739,City of London 001F,Theft from the person,Investigation complete; no suspect identified
1154,8,2026,-0.087772,51.510665,On or near Martin Lane,E01032739,City of London 001F,Theft from the person,Under investigation
1155,8,2026,-0.101906,51.511794,On or near Theatre/Concert Hall,E01032739,City of London 001F,Theft from the person,Under investigation
1156,8,2026,-0.101963,51.510761,On or near Ferry Terminal,E01032739,City of London 001F,Theft from the person,Under investigation
1157,8,2026,-0.101906,51.511794,On or near Theatre/Concert Hall,E01032739,City of London 001F,Theft from the person,Under investigation
1158,8,2026,-0.081902,51.517296,On or near Liverpool Street,E01032739,City of London 001F,Theft from the person,Investigation complete; no suspect identified
1159,8,2026,-0.09154,51.511896,On or near Cannon Street,E01032739,City of London 001F,Theft from the person,Under investigation
1160,8,2026,-0.104276,51.513712,On or near A201,E01032739,City of London 001F,Theft from the person,Investigation complete; no suspect identified
1161,8,2026,-0.083977,51.510441,On or near Lovat Lane,E01032739,City of London 001F,Theft from the person,Investigation complete; no suspect identified
1162,8,2026,-0.087772,51.510665,On or near Martin Lane,E01032739,City of London 001F,Theft from the person,Investigation complete; no suspect identified
1163,8,2026,-0.093339,51.511557,On or near Conference/Exhibition Centre,E01032739,City of London 001F,Theft from the person,Under investigation
1164,8,2026,-0.101906,51.511794,On or near Theatre/Concert Hall,E01032739,City of London 001F,Theft from the person,Unable to prosecute suspect
1165,8,2026,-0.104276,51.513712,On or near A201,E01032739,City of London 001F,Theft from the person,Investigation complete; no suspect identified
1166,8,2026,-0.087772,51.510665,On or near Martin Lane,E01032739,City of London 001F,Theft from the person,Investigation complete; no suspect identified
1167,8,2026,-0.104276,51.513712,On or near A201,E01032739,City of London 001F,Theft from the person,Investigation complete; no suspect identified
1168,8,2026,-0.084836,51.511939,On or near Shopping Area,E01032739,City of London 001F,Theft from the person,Under investigation
1169,8,2026,-0.086019,51.513631,On or near Finch Lane,E01032739,City of London 001F,Theft from the person,Investigation complete; no suspect identified
1170,8,2026,-0.095224,51.513736,On or near Shopping Area,E01032739,City of London 001F,Theft from the person,Under investigation
1171,8,2026,-0.081902,51.517296,On or near Liverpool Street,E01032739,City of London 001F,Theft from the person,Under investigation
1172,8,2026,-0.09154,51.511896,On or near Cannon Street,E01032739,City of London 001F,Theft from the person,Under investigation
1173,8,2026,-0.089208,51.509744,On or near Angel Lane,E01032739,City of London 001F,Theft from the person,Investigation complete; no suspect identified
1174,8,2026,-0.0949,51.513209,On or near Bread Street,E01032739,City of London 001F,Theft from the person,Under investigation
1175,8,2026,-0.087772,51.510665,On or near Martin Lane,E01032739,City of London 001F,Theft from the person,Under investigation
1176,8,2026,-0.087157,51.512624,On or near Lombard Street,E01032739,City of London 001F,Theft from the person,Investigation complete; no suspect identified
1177,8,2026,-0.104276,51.513712,On or near A201,E01032739,City of London 001F,Theft from the person,Under investigation
1178,8,2026,-0.102732,51.513426,On or near Ludgate Broadway,E01032739,City of London 001F,Theft from the person,Investigation complete; no suspect identified
1179,8,2026,-0.095224,51.513736,On or near Shopping Area,E01032739,City of London 001F,Theft from the person,Under investigation
1180,8,2026,-0.097291,51.514626,On or near Supermarket,E01032739,City of London 001F,Theft from the person,Under investigation
1181,8,2026,-0.09407,51.513079,On or near Watling Street,E01032739,City of London 001F,Theft from the person,Investigation complete; no suspect identified
1182,8,2026,-0.079521,51.511196,On or near New London Street,E01032739,City of London 001F,Theft from the person,Investigation complete; no suspect identified
1183,8,2026,-0.081113,51.516869,On or near Bishopsgate,E01032739,City of London 001F,Theft from the person,Investigation complete; no suspect identified
1184,8,2026,-0.092531,51.512658,On or near Queen Street,E01032739,City of London 001F,Theft from the person,Under investigation
1185,8,2026,-0.081113,51.516869,On or near Bishopsgate,E01032739,City of London 001F,Theft from the person,Investigation complete; no suspect identified
1186,8,2026,-0.104276,51.513712,On or near A201,E01032739,City of London 001F,Theft from the person,Investigation complete; no suspect identified
1187,8,2026,-0.081902,51.517296,On or near Liverpool Street,E01032739,City of London 001F,Theft from the person,Investigation complete; no suspect identified
1188,8,2026,-0.101906,51.511794,On or near Theatre/Concert Hall,E01032739,City of London 001F,Theft from the person,Investigation complete; no suspect identified
1189,8,2026,-0.101906,51.511794,On or near Theatre/Concert Hall,E01032739,City of London 001F,Theft from the person,Investigation complete; no suspect identified
1190,8,2026,-0.104276,51.513712,On or near A201,E01032739,City of London 001F,Theft from the person,Investigation complete; no suspect identified
1191,8,2026,-0.084754,51.512882,On or near Corbet Court,E01032739,City of London 001F,Theft from the person,Under investigation
1192,8,2026,-0.092531,51.512658,On or near Queen Street,E01032739,City of London 001F,Theft from the person,Investigation complete; no suspect identified
1193,8,2026,-0.078937,51.514109,On or near Heneage Place,E01032739,City of London 001F,Theft from the person,Investigation complete; no suspect identified
1194,8,2026,-0.092531,51.512658,On or near Queen Street,E01032739,City of London 001F,Theft from the person,Investigation complete; no suspect identified
1195,8,2026,-0.104276,51.513712,On or near A201,E01032739,City of London 001F,Theft from the person,Investigation complete; no suspect identified
1196,8,2026,-0.087772,51.510665,On or near Martin Lane,E01032739,City of London 001F,Theft from the person,Under investigation
1197,8,2026,-0.084844,51.510725,On or near Eastcheap,E01032739,City of London 001F,Theft from the person,Investigation complete; no suspect identified
1198,8,2026,-0.092531,51.512658,On or near Queen Street,E01032739,City of London 001F,Theft from the person,Investigation complete; no suspect identified
1199,8,2026,-0.092633,51.509872,On or near Bell Wharf Lane,E01032739,City of London 001F,Vehicle crime,Under investigation
1200,8,2026,-0.07707,51.510877,On or near Cooper'S Row,E01032739,City of London 001F,Vehicle crime,Investigation complete; no suspect identified
1201,8,2026,-0.078937,51.514109,On or near Heneage Place,E01032739,City of London 001F,Vehicle crime,Investigation complete; no suspect identified
1202,8,2026,-0.080365,51.508943,On or near Parking Area,E01032739,City of London 001F,Vehicle crime,Investigation complete; no suspect identified
1203,8,2026,-0.095924,51.513882,On or near Shopping Area,E01032739,City of London 001F,Violence and sexual offences,Under investigation
1204,8,2026,-0.079907,51.517785,On or near Victoria Avenue,E01032739,City of London 001F,Violence and sexual offences,Under investigation
1205,8,2026,-0.077959,51.511332,On or near Crutched Friars,E01032739,City of London 001F,Violence and sexual offences,Under investigation
1206,8,2026,-0.081512,51.518692,On or near London Liverpool Street,E01032739,City of London 001F,Violence and sexual offences,Under investigation
1207,8,2026,-0.078755,51.51844,On or near Artillery Lane,E01032739,City of London 001F,Violence and sexual offences,Under investigation
1208,8,2026,-0.087157,51.512624,On or near Lombard Street,E01032739,City of London 001F,Violence and sexual offences,Under investigation
1209,8,2026,-0.095924,51.513882,On or near Shopping Area,E01032739,City of London 001F,Violence and sexual offences,Under investigation
1210,8,2026,-0.095924,51.513882,On or near Shopping Area,E01032739,City of London 001F,Violence and sexual offences,Under investigation
1211,8,2026,-0.079883,51.517326,On or near New Street,E01032739,City of London 001F,Violence and sexual offences,Under investigation
1212,8,2026,-0.087772,51.510665,On or near Martin Lane,E01032739,City of London 001F,Violence and sexual offences,Unable to prosecute suspect
1213,8,2026,-0.081113,51.516869,On or near Bishopsgate,E01032739,City of London 001F,Violence and sexual offences,Unable to prosecute suspect
1214,8,2026,-0.078755,51.51844,On or near Artillery Lane,E01032739,City of London 001F,Violence and sexual offences,Under investigation
1215,8,2026,-0.082993,51.51636,On or near Wormwood Street,E01032739,City of London 001F,Violence and sexual offences,Under investigation
1216,8,2026,-0.084844,51.5097,On or near Monument Street,E01032739,City of London 001F,Violence and sexual offences,Under investigation
1217,8,2026,-0.095224,51.513736,On or near Shopping Area,E01032739,City of London 001F,Violence and sexual offences,Under investigation
1218,8,2026,-0.090578,51.509722,On or near Allhallows Lane,E01032739,City of London 001F,Violence and sexual offences,Under investigation
1219,8,2026,-0.087157,51.512624,On or near Lombard Street,E01032739,City of London 001F,Violence and sexual offences,Under investigation
1220,8,2026,-0.091947,51.513188,On or near Pancras Lane,E01032739,City of London 001F,Violence and sexual offences,Under investigation
1221,8,2026,-0.091947,51.513188,On or near Pancras Lane,E01032739,City of London 001F,Violence and sexual offences,Under investigation
1222,8,2026,-0.081113,51.516869,On or near Bishopsgate,E01032739,City of London 001F,Violence and sexual offences,Unable to prosecute suspect
1223,8,2026,-0.079907,51.517785,On or near Victoria Avenue,E01032739,City of London 001F,Violence and sexual offences,Under investigation
1224,8,2026,-0.089208,51.509744,On or near Angel Lane,E01032739,City of London 001F,Violence and sexual offences,Under investigation
1225,8,2026,-0.079907,51.517785,On or near Victoria Avenue,E01032739,City of London 001F,Violence and sexual offences,Under investigation
1226,8,2026,-0.079907,51.517785,On or near Victoria Avenue,E01032739,City of London 001F,Violence and sexual offences,Under investigation
1227,8,2026,-0.083977,51.510441,On or near Lovat Lane,E01032739,City of London 001F,Violence and sexual offences,Investigation complete; no suspect identified
1228,8,2026,-0.089208,51.509744,On or near Angel Lane,E01032739,City of London 001F,Violence and sexual offences,Under investigation
1229,8,2026,-0.082993,51.51636,On or near Wormwood Street,E01032739,City of London 001F,Violence and sexual offences,Under investigation
1230,8,2026,-0.085228,51.51119,On or near Talbot Court,E01032739,City of London 001F,Violence and sexual offences,Under investigation
1231,8,2026,-0.084836,51.511939,On or near Shopping Area,E01032739,City of London 001F,Violence and sexual offences,Under investigation
1232,8,2026,-0.081113,51.516869,On or near Bishopsgate,E01032739,City of London 001F,Violence and sexual offences,Unable to prosecute suspect
1233,8,2026,-0.097291,51.514626,On or near Supermarket,E01032739,City of London 001F,Violence and sexual offences,Under investigation
1234,8,2026,-0.083977,51.510441,On or near Lovat Lane,E01032739,City of London 001F,Violence and sexual offences,Unable to prosecute suspect
1235,8,2026,-0.084844,51.5097,On or near Monument Street,E01032739,City of London 001F,Violence and sexual offences,Under investigation
1236,8,2026,-0.084754,51.512882,On or near Corbet Court,E01032739,City of London 001F,Violence and sexual offences,Unable to prosecute suspect
1237,8,2026,-0.091947,51.513188,On or near Pancras Lane,E01032739,City of London 001F,Violence and sexual offences,Under investigation
1238,8,2026,-0.084844,51.5097,On or near Monument Street,E01032739,City of London 001F,Violence and sexual offences,Investigation complete; no suspect identified
1239,8,2026,-0.096274,51.511037,On or near Gardners Lane,E01032739,City of London 001F,Violence and sexual offences,Investigation complete; no suspect identified
1240,8,2026,-0.081973,51.515948,On or near A10,E01032739,City of London 001F,Violence and sexual offences,Unable to prosecute suspect
1241,8,2026,-0.082993,51.51636,On or near Wormwood Street,E01032739,City of London 001F,Violence and sexual offences,Under investigation
1242,8,2026,-0.081643,51.51007,On or near Great Tower Street,E01032739,City of London 001F,Violence and sexual offences,Unable to prosecute suspect
1243,8,2026,-0.079907,51.517785,On or near Victoria Avenue,E01032739,City of London 001F,Violence and sexual offences,Unable to prosecute suspect
1244,8,2026,-0.097291,51.514626,On or near Supermarket,E01032739,City of London 001F,Violence and sexual offences,Unable to prosecute suspect
1245,8,2026,-0.092531,51.512658,On or near Queen Street,E01032739,City of London 001F,Violence and sexual offences,Awaiting court outcome
1246,8,2026,-0.081512,51.518692,On or near London Liverpool Street,E01032739,City of London 001F,Violence and sexual offences,Under investigation
1247,8,2026,-0.102732,51.513426,On or near Ludgate Broadway,E01032739,City of London 001F,Violence and sexual offences,Under investigation
1248,8,2026,-0.079907,51.517785,On or near Victoria Avenue,E01032739,City of London 001F,Violence and sexual offences,Unable to prosecute suspect
1249,8,2026,-0.0949,51.513209,On or near Bread Street,E01032739,City of London 001F,Violence and sexual offences,Under investigation
1250,8,2026,-0.077959,51.511332,On or near Crutched Friars,E01032739,City of London 001F,Violence and sexual offences,Unable to prosecute suspect
1251,8,2026,-0.079907,51.517785,On or near Victoria Avenue,E01032739,City of London 001F,Violence and sexual offences,Under investigation
1252,8,2026,-0.079883,51.517326,On or near New Street,E01032739,City of London 001F,Violence and sexual offences,Unable to prosecute suspect
1253,8,2026,-0.079907,51.517785,On or near Victoria Avenue,E01032739,City of London 001F,Violence and sexual offences,Investigation complete; no suspect identified
1254,8,2026,-0.095054,51.510559,On or near Queenhithe,E01032739,City of London 001F,Violence and sexual offences,Under investigation
1255,8,2026,-0.079907,51.517785,On or near Victoria Avenue,E01032739,City of London 001F,Violence and sexual offences,Investigation complete; no suspect identified
1256,8,2026,-0.079883,51.517326,On or near New Street,E01032739,City of London 001F,Violence and sexual offences,Unable to prosecute suspect
1257,8,2026,-0.084754,51.512882,On or near Corbet Court,E01032739,City of London 001F,Violence and sexual offences,Unable to prosecute suspect
1258,8,2026,-0.089208,51.509744,On or near Angel Lane,E01032739,City of London 001F,Violence and sexual offences,Under investigation
1259,8,2026,-0.089208,51.509744,On or near Angel Lane,E01032739,City of London 001F,Violence and sexual offences,Under investigation
1260,8,2026,-0.084836,51.511939,On or near Shopping Area,E01032739,City of London 001F,Violence and sexual offences,Under investigation
1261,8,2026,-0.077959,51.511332,On or near Crutched Friars,E01032739,City of London 001F,Violence and sexual offences,Under investigation
1262,8,2026,-0.101963,51.510761,On or near Ferry Terminal,E01032739,City of London 001F,Violence and sexual offences,Under investigation
1263,8,2026,-0.080448,51.520689,On or near Primrose Street,E01032739,City of London 001F,Violence and sexual offences,Under investigation
1264,8,2026,-0.086815,51.517007,On or near Circus Place,E01032739,City of London 001F,Violence and sexual offences,Under investigation
1265,8,2026,-0.082993,51.51636,On or near Wormwood Street,E01032739,City of London 001F,Violence and sexual offences,Under investigation
1266,8,2026,-0.078059,51.509967,On or near Trinity Square,E01032739,City of London 001F,Violence and sexual offences,Unable to prosecute suspect
1267,8,2026,-0.081113,51.516869,On or near Bishopsgate,E01032739,City of London 001F,Violence and sexual offences,Under investigation
1268,8,2026,-0.079907,51.517785,On or near Victoria Avenue,E01032739,City of London 001F,Violence and sexual offences,Under investigation
1269,8,2026,-0.079907,51.517785,On or near Victoria Avenue,E01032739,City of London 001F,Violence and sexual offences,Under investigation
1270,8,2026,-0.084844,51.5097,On or near Monument Street,E01032739,City of London 001F,Violence and sexual offences,Under investigation
1271,8,2026,-0.102732,51.513426,On or near Ludgate Broadway,E01032739,City of London 001F,Violence and sexual offences,Under investigation
1272,8,2026,-0.096917,51.510823,On or near Broken Wharf,E01032739,City of London 001F,Violence and sexual offences,Under investigation
1273,8,2026,-0.101292,51.51477,On or near Amen Court,E01032739,City of London 001F,Violence and sexual offences,Under investigation
1274,8,2026,-0.081902,51.517296,On or near Liverpool Street,E01032739,City of London 001F,Violence and sexual offences,Under investigation
1275,8,2026,-0.090578,51.509722,On or near Allhallows Lane,E01032739,City of London 001F,Other crime,Under investigation
1276,8,2026,-0.092036,51.511049,On or near College Street,E01032739,City of London 001F,Other crime,Under investigation
1277,8,2026,-0.109297,51.515681,On or near Fetter Lane,E01032740,City of London 001G,Bicycle theft,Under investigation
1278,8,2026,-0.107979,51.51548,On or near East Harding Street,E01032740,City of London 001G,Bicycle theft,Under investigation
1279,8,2026,-0.098017,51.519689,On or near Cloth Street,E01032740,City of London 001G,Bicycle theft,Investigation complete; no suspect identified
1280,8,2026,-0.10954,51.515721,On or near Rolls Buildings,E01032740,City of London 001G,Bicycle theft,Under investigation
1281,8,2026,-0.109387,51.513839,On or near Old Mitre Court,E01032740,City of London 001G,Bicycle theft,Under investigation
1282,8,2026,-0.102812,51.517051,On or near Police Station,E01032740,City of London 001G,Bicycle theft,Under investigation
1283,8,2026,-0.102726,51.513911,On or near Pageantmaster Court,E01032740,City of London 001G,Bicycle theft,Under investigation
1284,8,2026,-0.099803,51.519026,On or near Cloth Fair,E01032740,City of London 001G,Bicycle theft,Investigation complete; no suspect identified
1285,8,2026,-0.105131,51.513941,On or near Bride Lane,E01032740,City of London 001G,Burglary,Awaiting court outcome
1286,8,2026,-0.107979,51.51548,On or near East Harding Street,E01032740,City of London 001G,Burglary,Under investigation
1287,8,2026,-0.10845,51.514202,On or near Fleet Street,E01032740,City of London 001G,Burglary,Under investigation
1288,8,2026,-0.098555,51.519248,On or near Newbury Street,E01032740,City of London 001G,Burglary,Under investigation
1289,8,2026,-0.10498,51.512033,On or near Kingscote Street,E01032740,City of London 001G,Burglary,Under investigation
1290,8,2026,-0.105909,51.513262,On or near Dorset Buildings,E01032740,City of London 001G,Burglary,Awaiting court outcome
1291,8,2026,-0.105131,51.513941,On or near Bride Lane,E01032740,City of London 001G,Burglary,Under investigation
1292,8,2026,-0.106076,51.517239,On or near Conference/Exhibition Centre,E01032740,City of London 001G,Burglary,Under investigation
1293,8,2026,-0.111296,51.516136,On or near Further/Higher Educational Building,E01032740,City of London 001G,Criminal damage and arson,Investigation complete; no suspect identified
1294,8,2026,-0.101359,51.5187,On or near Parking Area,E01032740,City of London 001G,Criminal damage and arson,Under investigation
1295,8,2026,-0.112111,51.517687,On or near Parking Area,E01032740,City of London 001G,Criminal damage and arson,Awaiting court outcome
1296,8,2026,-0.10498,51.512033,On or near Kingscote Street,E01032740,City of London 001G,Other theft,Investigation complete; no suspect identified
1297,8,2026,-0.101621,51.516906,On or near Giltspur Street,E01032740,City of London 001G,Other theft,Under investigation
1298,8,2026,-0.102726,51.513911,On or near Pageantmaster Court,E01032740,City of London 001G,Other theft,Under investigation
1299,8,2026,-0.109164,51.517846,On or near Holborn,E01032740,City of London 001G,Other theft,Investigation complete; no suspect identified
1300,8,2026,-0.112953,51.518231,On or near Southampton Buildings,E01032740,City of London 001G,Other theft,Under investigation
1301,8,2026,-0.099301,51.519674,On or near Hayne Street,E01032740,City of London 001G,Other theft,Under investigation
1302,8,2026,-0.109387,51.513839,On or near Old Mitre Court,E01032740,City of London 001G,Other theft,Unable to prosecute suspect
1303,8,2026,-0.10349,51.513897,On or near City Thameslink,E01032740,City of London 001G,Other theft,Under investigation
1304,8,2026,-0.10498,51.512033,On or near Kingscote Street,E01032740,City of London 001G,Other theft,Under investigation
1305,8,2026,-0.107979,51.51548,On or near East Harding Street,E01032740,City of London 001G,Other theft,Under investigation
1306,8,2026,-0.10498,51.512033,On or near Kingscote Street,E01032740,City of London 001G,Other theft,Investigation complete; no suspect identified
1307,8,2026,-0.102726,51.513911,On or near Pageantmaster Court,E01032740,City of London 001G,Other theft,Under investigation
1308,8,2026,-0.106076,51.517239,On or near Conference/Exhibition Centre,E01032740,City of London 001G,Other theft,Under investigation
1309,8,2026,-0.105909,51.513262,On or near Dorset Buildings,E01032740,City of London 001G,Other theft,Under investigation
1310,8,2026,-0.112953,51.518231,On or near Southampton Buildings,E01032740,City of London 001G,Other theft,Under investigation
1311,8,2026,-0.10498,51.512033,On or near Kingscote Street,E01032740,City of London 001G,Other theft,Investigation complete; no suspect identified
1312,8,2026,-0.107443,51.515534,On or near Printer Street,E01032740,City of London 001G,Public order,Investigation complete; no suspect identified
1313,8,2026,-0.10498,51.512033,On or near Kingscote Street,E01032740,City of London 001G,Public order,Under investigation
1314,8,2026,-0.107443,51.515534,On or near Printer Street,E01032740,City of London 001G,Public order,Investigation complete; no suspect identified
1315,8,2026,-0.109387,51.513839,On or near Old Mitre Court,E01032740,City of London 001G,Public order,Under investigation
1316,8,2026,-0.107443,51.515534,On or near Printer Street,E01032740,City of London 001G,Public order,Investigation complete; no suspect identified
1317,8,2026,-0.10498,51.512033,On or near Kingscote Street,E01032740,City of London 001G,Public order,Under investigation
1318,8,2026,-0.108162,51.512834,On or near Parking Area,E01032740,City of London 001G,Public order,Under investigation
1319,8,2026,-0.106076,51.517239,On or near Conference/Exhibition Centre,E01032740,City of London 001G,Public order,Under investigation
1320,8,2026,-0.109387,51.513839,On or near Old Mitre Court,E01032740,City of London 001G,Public order,Unable to prosecute suspect
1321,8,2026,-0.106076,51.517239,On or near Conference/Exhibition Centre,E01032740,City of London 001G,Public order,Under investigation
1322,8,2026,-0.107443,51.515534,On or near Printer Street,E01032740,City of London 001G,Public order,Investigation complete; no suspect identified
1323,8,2026,-0.10498,51.512033,On or near Kingscote Street,E01032740,City of London 001G,Robbery,Under investigation
1324,8,2026,-0.099803,51.519026,On or near Cloth Fair,E01032740,City of London 001G,Robbery,Under investigation
1325,8,2026,-0.102538,51.517739,On or near Hosier Lane,E01032740,City of London 001G,Robbery,Under investigation
1326,8,2026,-0.10498,51.512033,On or near Kingscote Street,E01032740,City of London 001G,Shoplifting,Unable to prosecute suspect
1327,8,2026,-0.112953,51.518231,On or near Southampton Buildings,E01032740,City of London 001G,Shoplifting,Under investigation
1328,8,2026,-0.10498,51.512033,On or near Kingscote Street,E01032740,City of London 001G,Shoplifting,Unable to prosecute suspect
1329,8,2026,-0.102726,51.513911,On or near Pageantmaster Court,E01032740,City of London 001G,Shoplifting,Under investigation
1330,8,2026,-0.10498,51.512033,On or near Kingscote Street,E01032740,City of London 001G,Shoplifting,Investigation complete; no suspect identified
1331,8,2026,-0.10498,51.512033,On or near Kingscote Street,E01032740,City of London 001G,Shoplifting,Under investigation
1332,8,2026,-0.10498,51.512033,On or near Kingscote Street,E01032740,City of London 001G,Shoplifting,Under investigation
1333,8,2026,-0.10498,51.512033,On or near Kingscote Street,E01032740,City of London 001G,Shoplifting,Under investigation
1334,8,2026,-0.107201,51.514092,On or near Conference/Exhibition Centre,E01032740,City of London 001G,Shoplifting,Under investigation
1335,8,2026,-0.107201,51.514092,On or near Conference/Exhibition Centre,E01032740,City of London 001G,Shoplifting,Under investigation
1336,8,2026,-0.10498,51.512033,On or near Kingscote Street,E01032740,City of London 001G,Shoplifting,Unable to prosecute suspect
1337,8,2026,-0.10498,51.512033,On or near Kingscote Street,E01032740,City of London 001G,Theft from the person,Investigation complete; no suspect identified
1338,8,2026,-0.105131,51.513941,On or near Bride Lane,E01032740,City of London 001G,Theft from the person,Investigation complete; no suspect identified
1339,8,2026,-0.102726,51.513911,On or near Pageantmaster Court,E01032740,City of London 001G,Theft from the person,Investigation complete; no suspect identified
1340,8,2026,-0.107443,51.515534,On or near Printer Street,E01032740,City of London 001G,Theft from the person,Unable to prosecute suspect
1341,8,2026,-0.106076,51.517239,On or near Conference/Exhibition Centre,E01032740,City of London 001G,Theft from the person,Investigation complete; no suspect identified
1342,8,2026,-0.105131,51.513941,On or near Bride Lane,E01032740,City of London 001G,Theft from the person,Investigation complete; no suspect identified
1343,8,2026,-0.112019,51.516067,On or near Chancery Lane,E01032740,City of London 001G,Theft from the person,Investigation complete; no suspect identified
1344,8,2026,-0.106076,51.517239,On or near Conference/Exhibition Centre,E01032740,City of London 001G,Theft from the person,Investigation complete; no suspect identified
1345,8,2026,-0.101361,51.519357,On or near Grand Avenue,E01032740,City of London 001G,Theft from the person,Investigation complete; no suspect identified
1346,8,2026,-0.108017,51.514213,On or near Fleet Street,E01032740,City of London 001G,Theft from the person,Unable to prosecute suspect
1347,8,2026,-0.10498,51.512033,On or near Kingscote Street,E01032740,City of London 001G,Theft from the person,Investigation complete; no suspect identified
1348,8,2026,-0.10498,51.512033,On or near Kingscote Street,E01032740,City of London 001G,Theft from the person,Investigation complete; no suspect identified
1349,8,2026,-0.099803,51.519026,On or near Cloth Fair,E01032740,City of London 001G,Theft from the person,Investigation complete; no suspect identified
1350,8,2026,-0.105131,51.513941,On or near Bride Lane,E01032740,City of London 001G,Theft from the person,Investigation complete; no suspect identified
1351,8,2026,-0.10845,51.514202,On or near Fleet Street,E01032740,City of London 001G,Theft from the person,Investigation complete; no suspect identified
1352,8,2026,-0.10845,51.514202,On or near Fleet Street,E01032740,City of London 001G,Theft from the person,Investigation complete; no suspect identified
1353,8,2026,-0.107201,51.514092,On or near Conference/Exhibition Centre,E01032740,City of London 001G,Theft from the person,Investigation complete; no suspect identified
1354,8,2026,-0.106076,51.517239,On or near Conference/Exhibition Centre,E01032740,City of London 001G,Theft from the person,Investigation complete; no suspect identified
1355,8,2026,-0.109297,51.515681,On or near Fetter Lane,E01032740,City of London 001G,Theft from the person,Investigation complete; no suspect identified
1356,8,2026,-0.10498,51.512033,On or near Kingscote Street,E01032740,City of London 001G,Theft from the person,Under investigation
1357,8,2026,-0.106076,51.517239,On or near Conference/Exhibition Centre,E01032740,City of London 001G,Theft from the person,Investigation complete; no suspect identified
1358,8,2026,-0.10349,51.513897,On or near City Thameslink,E01032740,City of London 001G,Theft from the person,Investigation complete; no suspect identified
1359,8,2026,-0.103896,51.518346,On or near West Poultry Avenue,E01032740,City of London 001G,Theft from the person,Investigation complete; no suspect identified
1360,8,2026,-0.106076,51.517239,On or near Conference/Exhibition Centre,E01032740,City of London 001G,Theft from the person,Investigation complete; no suspect identified
1361,8,2026,-0.099301,51.519674,On or near Hayne Street,E01032740,City of London 001G,Theft from the person,Investigation complete; no suspect identified
1362,8,2026,-0.099803,51.519026,On or near Cloth Fair,E01032740,City of London 001G,Theft from the person,Investigation complete; no suspect identified
1363,8,2026,-0.099803,51.519026,On or near Cloth Fair,E01032740,City of London 001G,Theft from the person,Investigation complete; no suspect identified
1364,8,2026,-0.10498,51.512033,On or near Kingscote Street,E01032740,City of London 001G,Theft from the person,Investigation complete; no suspect identified
1365,8,2026,-0.101361,51.519357,On or near Grand Avenue,E01032740,City of London 001G,Theft from the person,Investigation complete; no suspect identified
1366,8,2026,-0.099803,51.519026,On or near Cloth Fair,E01032740,City of London 001G,Theft from the person,Investigation complete; no suspect identified
1367,8,2026,-0.101359,51.5187,On or near Parking Area,E01032740,City of London 001G,Vehicle crime,Investigation complete; no suspect identified
1368,8,2026,-0.101621,51.516906,On or near Giltspur Street,E01032740,City of London 001G,Violence and sexual offences,Under investigation
1369,8,2026,-0.10498,51.512033,On or near Kingscote Street,E01032740,City of London 001G,Violence and sexual offences,Under investigation
1370,8,2026,-0.10498,51.512033,On or near Kingscote Street,E01032740,City of London 001G,Violence and sexual offences,Under investigation
1371,8,2026,-0.099301,51.519674,On or near Hayne Street,E01032740,City of London 001G,Violence and sexual offences,Under investigation
1372,8,2026,-0.10498,51.512033,On or near Kingscote Street,E01032740,City of London 001G,Violence and sexual offences,Under investigation
1373,8,2026,-0.107997,51.513313,On or near Bouverie Street,E01032740,City of London 001G,Violence and sexual offences,Under investigation
1374,8,2026,-0.107997,51.513313,On or near Bouverie Street,E01032740,City of London 001G,Violence and sexual offences,Unable to prosecute suspect
1375,8,2026,-0.101621,51.516906,On or near Giltspur Street,E01032740,City of London 001G,Violence and sexual offences,Unable to prosecute suspect
1376,8,2026,-0.105131,51.513941,On or near Bride Lane,E01032740,City of London 001G,Violence and sexual offences,Under investigation
1377,8,2026,-0.112111,51.517687,On or near Parking Area,E01032740,City of London 001G,Other crime,Awaiting court outcome
1378,8,2026,0.072162,51.47722,On or near Dallin Road,E01001681,Greenwich 020C,Other crime,Under investigation
1379,8,2026,-0.056142,51.53902,On or near Petrol Station,E01001839,Hackney 023C,Public order,Under investigation
1380,8,2026,-0.082648,51.520455,On or near Earl Street,E01033708,Hackney 033C,Shoplifting,Under investigation
1381,8,2026,-0.082648,51.520455,On or near Earl Street,E01033708,Hackney 033C,Shoplifting,Investigation complete; no suspect identified
1382,8,2026,-0.062539,51.595168,On or near Thackeray Avenue,E01002079,Haringey 012C,Drugs,Awaiting court outcome
1383,8,2026,-0.080749,51.585845,On or near Bedford Road,E01002070,Haringey 024C,Violence and sexual offences,Under investigation
1384,8,2026,-0.102729,51.519379,On or near Charterhouse Street,E01002724,Islington 022D,Theft from the person,Under investigation
1385,8,2026,0.026773,51.533786,On or near Carter Road,E01003592,Newham 022B,Other crime,Under investigation
1386,8,2026,-0.569916,51.519477,On or near Montgomery Place,E01016521,Slough 005F,Other crime,Under investigation
1387,8,2026,-0.068964,51.523648,On or near Cheshire Street,E01035668,Tower Hamlets 009E,Other theft,Under investigation
1388,8,2026,-0.076385,51.51859,On or near Crispin Street,E01004307,Tower Hamlets 015B,Other theft,Investigation complete; no suspect identified
1389,8,2026,-0.075674,51.515971,On or near New Goulston Street,E01004307,Tower Hamlets 015B,Theft from the person,Investigation complete; no suspect identified
1390,8,2026,-0.076667,51.509485,On or near A3211,E01004293,Tower Hamlets 027B,Drugs,Local resolution
1391,8,2026,-0.073608,51.509939,On or near Further/Higher Educational Building,E01004293,Tower Hamlets 027B,Public order,Under investigation
1392,8,2026,-0.005265,51.510379,On or near Clove Crescent,E01004219,Tower Hamlets 035B,Bicycle theft,Under investigation
1393,8,2026,-0.112811,51.51259,On or near Essex Street,E01004735,Westminster 018B,Burglary,Under investigation
1394,8,2026,-0.111567,51.513757,On or near Middle Temple Lane,E01004735,Westminster 018B,Burglary,Awaiting court outcome
1395,8,2026,-0.111567,51.513757,On or near Middle Temple Lane,E01004735,Westminster 018B,Theft from the person,Investigation complete; no suspect identified
1396,8,2026,-0.122909,51.507096,On or near Embankment Place,E01004736,Westminster 018C,Violence and sexual offences,Under investigation
1397,8,2026,-2.21123,51.309485,On or near Carlton Row,E01032095,Wiltshire 035D,Other crime,Under investigation
